empresa,ticker,date,open,high,low,close,volume
OceanPact,OPCT3,2025-10-02,7.72,7.74,7.48,7.61,402100
OceanPact,OPCT3,2025-10-03,7.6,7.77,7.57,7.76,265900
OceanPact,OPCT3,2025-10-06,7.66,7.7,7.5,7.5,384400
OceanPact,OPCT3,2025-10-07,7.53,7.53,7.32,7.42,400900
OceanPact,OPCT3,2025-10-08,7.41,7.49,7.33,7.48,479500
OceanPact,OPCT3,2025-10-09,7.41,7.53,7.37,7.47,396700
OceanPact,OPCT3,2025-10-10,7.47,7.59,7.37,7.5,405000
OceanPact,OPCT3,2025-10-13,7.51,7.72,7.46,7.58,322500
OceanPact,OPCT3,2025-10-14,7.6,7.87,7.59,7.8,531300
OceanPact,OPCT3,2025-10-15,7.77,7.97,7.76,7.92,460700
OceanPact,OPCT3,2025-10-16,7.92,7.95,7.75,7.83,457600
OceanPact,OPCT3,2025-10-17,7.83,8.03,7.7,7.89,598800
OceanPact,OPCT3,2025-10-20,7.89,7.91,7.76,7.79,226100
OceanPact,OPCT3,2025-10-21,7.89,7.91,7.73,7.83,899400
OceanPact,OPCT3,2025-10-22,7.8,7.93,7.7,7.7,399500
OceanPact,OPCT3,2025-10-23,7.8,7.8,7.65,7.7,288100
OceanPact,OPCT3,2025-10-24,7.69,7.83,7.61,7.62,181800
OceanPact,OPCT3,2025-10-27,7.75,7.79,7.65,7.73,606400
OceanPact,OPCT3,2025-10-28,7.7,7.75,7.55,7.62,180200
OceanPact,OPCT3,2025-10-29,7.6,7.67,7.53,7.66,371900
OceanPact,OPCT3,2025-10-30,7.55,7.68,7.51,7.58,291500
OceanPact,OPCT3,2025-10-31,7.57,7.64,7.55,7.59,197800
OceanPact,OPCT3,2025-11-03,7.59,7.68,7.57,7.6,310600
OceanPact,OPCT3,2025-11-04,7.5,7.6,7.5,7.59,194800
OceanPact,OPCT3,2025-11-05,7.59,7.67,7.53,7.67,598100
OceanPact,OPCT3,2025-11-06,7.59,7.68,7.58,7.64,209900
OceanPact,OPCT3,2025-11-07,7.56,7.96,7.52,7.91,444600
OceanPact,OPCT3,2025-11-10,7.97,8.1,7.79,7.94,307300
OceanPact,OPCT3,2025-11-11,7.95,8.08,7.92,8.08,955700
OceanPact,OPCT3,2025-11-12,8.01,8.19,7.88,8.07,1066500
OceanPact,OPCT3,2025-11-13,8.14,8.29,7.91,7.95,717300
OceanPact,OPCT3,2025-11-14,7.92,7.96,7.78,7.87,844600
OceanPact,OPCT3,2025-11-17,7.86,7.88,7.71,7.73,627900
OceanPact,OPCT3,2025-11-18,7.74,7.9,7.64,7.85,403800
OceanPact,OPCT3,2025-11-19,7.8,7.93,7.75,7.86,796500
OceanPact,OPCT3,2025-11-21,7.9,7.98,7.78,7.85,451400
OceanPact,OPCT3,2025-11-24,7.68,7.94,7.68,7.72,643600
OceanPact,OPCT3,2025-11-25,7.73,7.73,7.44,7.53,599300
OceanPact,OPCT3,2025-11-26,7.62,7.62,7.44,7.61,1119800
OceanPact,OPCT3,2025-11-27,7.65,7.68,7.49,7.63,551300
OceanPact,OPCT3,2025-11-28,7.65,7.66,7.49,7.49,337600
OceanPact,OPCT3,2025-12-01,7.51,7.52,7.42,7.49,319600
OceanPact,OPCT3,2025-12-02,7.52,7.76,7.43,7.76,645500
OceanPact,OPCT3,2025-12-03,7.77,7.83,7.66,7.71,749600
OceanPact,OPCT3,2025-12-04,7.69,7.89,7.67,7.89,1666800
OceanPact,OPCT3,2025-12-05,7.89,7.89,7.61,7.73,1252100
OceanPact,OPCT3,2025-12-08,7.73,7.84,7.64,7.7,427500
OceanPact,OPCT3,2025-12-09,7.63,7.74,7.47,7.74,324400
OceanPact,OPCT3,2025-12-10,7.69,7.91,7.69,7.91,418400
OceanPact,OPCT3,2025-12-11,7.91,8.26,7.85,7.92,591900
OceanPact,OPCT3,2025-12-12,7.99,7.99,7.84,7.93,291000
OceanPact,OPCT3,2025-12-15,7.98,8.03,7.88,7.94,596700
OceanPact,OPCT3,2025-12-16,7.89,7.93,7.73,7.79,270500
OceanPact,OPCT3,2025-12-17,7.77,7.77,7.62,7.66,449800
OceanPact,OPCT3,2025-12-18,7.65,7.95,7.64,7.83,635400
OceanPact,OPCT3,2025-12-19,7.85,7.96,7.78,7.81,323500
OceanPact,OPCT3,2025-12-22,7.82,7.83,7.74,7.8,372200
OceanPact,OPCT3,2025-12-23,7.81,8.18,7.79,8.15,884800
OceanPact,OPCT3,2025-12-26,8.12,8.4,8.09,8.32,556700
OceanPact,OPCT3,2025-12-29,8.41,8.41,8.16,8.3,467100
OceanPact,OPCT3,2025-12-30,8.31,8.5,8.3,8.45,491500
OceanPact,OPCT3,2026-01-02,8.68,8.68,8.23,8.28,245800
OceanPact,OPCT3,2026-01-05,8.35,8.39,8.2,8.39,202600
OceanPact,OPCT3,2026-01-06,8.42,8.54,8.29,8.54,434400
OceanPact,OPCT3,2026-01-07,8.57,8.64,8.43,8.62,443500
OceanPact,OPCT3,2026-01-08,8.68,8.8,8.58,8.8,380800
OceanPact,OPCT3,2026-01-09,8.81,8.97,8.77,8.77,442900
OceanPact,OPCT3,2026-01-12,8.96,8.96,8.48,8.8,537200
OceanPact,OPCT3,2026-01-13,8.77,9.0,8.66,8.75,656200
OceanPact,OPCT3,2026-01-14,8.8,9.05,8.73,8.9,1199500
OceanPact,OPCT3,2026-01-15,8.9,9.0,8.74,8.83,508400
OceanPact,OPCT3,2026-01-16,8.86,8.88,8.62,8.88,567500
OceanPact,OPCT3,2026-01-19,8.89,8.99,8.78,8.78,258700
OceanPact,OPCT3,2026-01-20,8.81,8.93,8.74,8.84,358500
OceanPact,OPCT3,2026-01-21,8.92,9.07,8.88,8.95,578800
OceanPact,OPCT3,2026-01-22,9.0,9.3,9.0,9.22,622500
OceanPact,OPCT3,2026-01-23,9.29,9.43,9.2,9.2,754000
OceanPact,OPCT3,2026-01-26,9.32,9.32,8.95,9.26,711900
OceanPact,OPCT3,2026-01-27,9.26,9.5,9.25,9.41,364000
OceanPact,OPCT3,2026-01-28,9.41,9.58,9.27,9.39,525000
OceanPact,OPCT3,2026-01-29,9.3,9.66,9.21,9.4,578600
OceanPact,OPCT3,2026-01-30,9.26,9.49,9.2,9.42,792100
OceanPact,OPCT3,2026-02-02,9.41,9.62,9.34,9.62,434300
OceanPact,OPCT3,2026-02-03,9.52,9.69,9.52,9.69,389100
OceanPact,OPCT3,2026-02-04,9.64,9.64,9.26,9.35,683900
OceanPact,OPCT3,2026-02-05,9.39,9.44,9.24,9.28,267200
OceanPact,OPCT3,2026-02-06,9.35,9.44,9.2,9.44,330600
OceanPact,OPCT3,2026-02-09,9.5,9.58,9.35,9.49,309000
OceanPact,OPCT3,2026-02-10,9.49,9.55,9.3,9.54,497900
OceanPact,OPCT3,2026-02-11,9.54,9.65,9.42,9.58,385700
OceanPact,OPCT3,2026-02-12,9.69,9.69,9.3,9.39,685600
OceanPact,OPCT3,2026-02-13,9.31,9.32,9.04,9.22,575100
OceanPact,OPCT3,2026-02-18,9.14,9.52,9.13,9.4,381900
OceanPact,OPCT3,2026-02-19,9.42,9.43,9.2,9.32,407700
OceanPact,OPCT3,2026-02-20,9.32,9.5,9.12,9.47,702200
OceanPact,OPCT3,2026-02-23,9.4,9.54,9.36,9.51,306800
OceanPact,OPCT3,2026-02-24,9.51,9.54,9.39,9.42,308300
OceanPact,OPCT3,2026-02-25,9.4,9.48,9.22,9.29,629500
OceanPact,OPCT3,2026-02-26,9.34,9.55,9.28,9.53,367600
OceanPact,OPCT3,2026-02-27,9.56,9.64,9.42,9.56,348600
OceanPact,OPCT3,2026-03-02,9.79,9.79,9.18,9.61,1675000
OceanPact,OPCT3,2026-03-03,9.45,9.54,9.29,9.41,1008800
OceanPact,OPCT3,2026-03-04,9.51,9.67,9.41,9.6,356200
OceanPact,OPCT3,2026-03-05,9.67,9.69,9.5,9.55,411900
OceanPact,OPCT3,2026-03-06,9.55,9.69,9.36,9.48,688200
OceanPact,OPCT3,2026-03-09,9.4,9.48,9.07,9.23,725600
OceanPact,OPCT3,2026-03-10,9.34,9.53,9.18,9.48,388400
OceanPact,OPCT3,2026-03-11,9.46,9.65,9.4,9.6,760100
OceanPact,OPCT3,2026-03-12,9.6,9.68,9.33,9.33,747800
OceanPact,OPCT3,2026-03-13,9.38,9.43,9.1,9.1,366600
OceanPact,OPCT3,2026-03-16,9.1,9.32,8.92,8.92,714600
OceanPact,OPCT3,2026-03-17,8.91,9.01,8.78,8.85,542700
OceanPact,OPCT3,2026-03-18,8.9,9.15,8.82,8.95,788200
OceanPact,OPCT3,2026-03-19,8.95,8.98,8.82,8.96,587600
OceanPact,OPCT3,2026-03-20,8.98,8.98,8.81,8.83,183900
OceanPact,OPCT3,2026-03-23,8.99,9.18,8.96,9.16,446400
OceanPact,OPCT3,2026-03-24,9.19,9.22,9.0,9.22,194200
OceanPact,OPCT3,2026-03-25,9.23,9.38,9.21,9.23,257400
OceanPact,OPCT3,2026-03-26,9.04,9.26,9.0,9.01,257900
OceanPact,OPCT3,2026-03-27,9.1,9.1,8.82,8.82,199800
OceanPact,OPCT3,2026-03-30,8.84,8.94,8.66,8.87,491900
OceanPact,OPCT3,2026-03-31,8.93,9.2,8.93,9.06,605300
OceanPact,OPCT3,2026-04-01,9.05,9.56,9.05,9.39,658500
OceanPact,OPCT3,2026-04-02,9.39,9.59,9.2,9.54,104000
Brava Energia,BRAV3,2025-10-02,18.0,18.09,17.66,17.72,4301700
Brava Energia,BRAV3,2025-10-03,17.76,17.95,17.65,17.69,4562700
Brava Energia,BRAV3,2025-10-06,17.8,17.97,17.53,17.59,4182100
Brava Energia,BRAV3,2025-10-07,17.51,17.64,17.35,17.43,5579200
Brava Energia,BRAV3,2025-10-08,17.6,17.61,16.81,16.89,8386500
Brava Energia,BRAV3,2025-10-09,16.73,16.87,16.0,16.03,21656400
Brava Energia,BRAV3,2025-10-10,15.89,15.97,15.46,15.63,12900700
Brava Energia,BRAV3,2025-10-13,15.95,16.34,15.82,16.19,8896900
Brava Energia,BRAV3,2025-10-14,15.94,16.09,15.62,15.64,7280800
Brava Energia,BRAV3,2025-10-15,15.72,15.74,15.26,15.29,10070100
Brava Energia,BRAV3,2025-10-16,15.35,15.36,14.73,14.83,11482700
Brava Energia,BRAV3,2025-10-17,14.83,15.32,14.55,15.22,10533900
Brava Energia,BRAV3,2025-10-20,15.1,15.49,15.0,15.08,6540200
Brava Energia,BRAV3,2025-10-21,15.13,15.13,14.15,14.2,28769700
Brava Energia,BRAV3,2025-10-22,14.47,14.75,14.36,14.51,12686900
Brava Energia,BRAV3,2025-10-23,15.21,15.35,14.7,14.87,13608600
Brava Energia,BRAV3,2025-10-24,15.0,15.05,14.45,14.46,10525100
Brava Energia,BRAV3,2025-10-27,14.58,14.59,14.35,14.4,6160900
Brava Energia,BRAV3,2025-10-28,14.34,14.69,14.24,14.55,7333600
Brava Energia,BRAV3,2025-10-29,14.6,14.78,14.39,14.46,6891300
Brava Energia,BRAV3,2025-10-30,14.35,14.66,14.35,14.56,10020600
Brava Energia,BRAV3,2025-10-31,14.65,14.92,14.64,14.76,7361900
Brava Energia,BRAV3,2025-11-03,14.84,15.2,14.77,14.85,6893100
Brava Energia,BRAV3,2025-11-04,14.7,15.06,14.66,15.06,7199000
Brava Energia,BRAV3,2025-11-05,15.1,15.38,14.95,15.35,7569900
Brava Energia,BRAV3,2025-11-06,15.32,15.35,14.34,14.34,18311000
Brava Energia,BRAV3,2025-11-07,14.39,14.8,14.24,14.62,10441200
Brava Energia,BRAV3,2025-11-10,14.65,14.77,14.5,14.62,6055700
Brava Energia,BRAV3,2025-11-11,14.71,15.0,14.64,14.81,8105900
Brava Energia,BRAV3,2025-11-12,14.8,14.83,14.23,14.83,8201300
Brava Energia,BRAV3,2025-11-13,14.87,14.99,14.66,14.66,3890000
Brava Energia,BRAV3,2025-11-14,14.71,14.98,14.59,14.65,4482500
Brava Energia,BRAV3,2025-11-17,14.67,14.7,14.37,14.52,5659800
Brava Energia,BRAV3,2025-11-18,14.42,14.71,14.34,14.63,4098700
Brava Energia,BRAV3,2025-11-19,14.45,14.64,14.37,14.47,6124600
Brava Energia,BRAV3,2025-11-21,14.4,14.43,13.89,14.07,11265600
Brava Energia,BRAV3,2025-11-24,14.05,14.13,13.71,13.89,6562800
Brava Energia,BRAV3,2025-11-25,13.69,13.79,13.51,13.72,14223600
Brava Energia,BRAV3,2025-11-26,13.7,13.94,13.34,13.67,9672600
Brava Energia,BRAV3,2025-11-27,13.66,13.7,13.5,13.6,3969300
Brava Energia,BRAV3,2025-11-28,13.6,13.71,13.38,13.64,6954000
Brava Energia,BRAV3,2025-12-01,13.72,13.85,13.62,13.65,6068400
Brava Energia,BRAV3,2025-12-02,13.69,13.91,13.47,13.74,6451700
Brava Energia,BRAV3,2025-12-03,13.84,13.92,13.45,13.59,10726600
Brava Energia,BRAV3,2025-12-04,13.64,13.82,13.52,13.73,10377900
Brava Energia,BRAV3,2025-12-05,13.57,13.79,13.29,13.48,13665100
Brava Energia,BRAV3,2025-12-08,13.45,13.83,13.45,13.56,8500700
Brava Energia,BRAV3,2025-12-09,13.54,13.78,13.34,13.61,6003700
Brava Energia,BRAV3,2025-12-10,13.61,13.75,13.5,13.66,6844400
Brava Energia,BRAV3,2025-12-11,13.53,13.68,13.37,13.43,6643100
Brava Energia,BRAV3,2025-12-12,13.43,13.67,13.42,13.45,7021000
Brava Energia,BRAV3,2025-12-15,13.41,13.89,13.38,13.74,7482100
Brava Energia,BRAV3,2025-12-16,13.59,14.38,13.3,14.08,26224900
Brava Energia,BRAV3,2025-12-17,13.75,15.12,13.72,14.6,25325900
Brava Energia,BRAV3,2025-12-18,14.73,16.39,14.69,15.5,45571400
Brava Energia,BRAV3,2025-12-19,16.11,16.36,15.13,15.5,31481600
Brava Energia,BRAV3,2025-12-22,15.7,16.01,15.46,15.7,12719200
Brava Energia,BRAV3,2025-12-23,15.77,15.91,15.45,15.76,12905600
Brava Energia,BRAV3,2025-12-26,15.6,15.98,15.4,15.98,10627000
Brava Energia,BRAV3,2025-12-29,16.1,16.78,15.92,16.78,12959800
Brava Energia,BRAV3,2025-12-30,16.85,17.21,16.67,16.84,9098100
Brava Energia,BRAV3,2026-01-02,16.8,16.8,16.31,16.67,7633800
Brava Energia,BRAV3,2026-01-05,16.6,16.6,15.52,15.71,12118600
Brava Energia,BRAV3,2026-01-06,15.82,16.09,15.54,15.7,8543100
Brava Energia,BRAV3,2026-01-07,15.65,16.19,14.83,16.13,17776300
Brava Energia,BRAV3,2026-01-08,16.2,17.05,15.9,17.05,15620800
Brava Energia,BRAV3,2026-01-09,17.01,17.08,16.49,16.66,8199900
Brava Energia,BRAV3,2026-01-12,16.73,17.41,16.58,17.41,11723400
Brava Energia,BRAV3,2026-01-13,17.45,17.89,17.26,17.6,12408900
Brava Energia,BRAV3,2026-01-14,17.75,18.1,17.27,17.95,11869400
Brava Energia,BRAV3,2026-01-15,17.47,18.57,17.39,18.01,21456300
Brava Energia,BRAV3,2026-01-16,17.78,18.48,16.82,17.1,24143200
Brava Energia,BRAV3,2026-01-19,17.03,17.35,16.54,17.22,11362900
Brava Energia,BRAV3,2026-01-20,16.9,17.82,16.9,17.63,10406900
Brava Energia,BRAV3,2026-01-21,17.82,18.15,17.71,17.74,8665900
Brava Energia,BRAV3,2026-01-22,17.7,17.82,17.48,17.72,8396600
Brava Energia,BRAV3,2026-01-23,17.95,18.09,17.72,18.01,8726700
Brava Energia,BRAV3,2026-01-26,17.98,18.15,17.57,18.01,8341300
Brava Energia,BRAV3,2026-01-27,18.16,18.44,18.07,18.27,10015100
Brava Energia,BRAV3,2026-01-28,18.4,18.97,18.39,18.83,10505900
Brava Energia,BRAV3,2026-01-29,19.0,19.39,18.71,18.99,9762700
Brava Energia,BRAV3,2026-01-30,18.91,19.05,18.53,18.9,6941900
Brava Energia,BRAV3,2026-02-02,18.19,18.58,17.99,18.41,7603400
Brava Energia,BRAV3,2026-02-03,18.6,18.68,18.25,18.25,5580900
Brava Energia,BRAV3,2026-02-04,18.27,18.31,17.95,18.05,5281900
Brava Energia,BRAV3,2026-02-05,17.95,18.09,17.49,17.59,4418100
Brava Energia,BRAV3,2026-02-06,17.45,17.54,17.21,17.48,4726400
Brava Energia,BRAV3,2026-02-09,17.6,17.93,17.33,17.93,5737300
Brava Energia,BRAV3,2026-02-10,17.9,18.33,17.84,18.33,4360200
Brava Energia,BRAV3,2026-02-11,18.5,18.58,18.14,18.15,9427900
Brava Energia,BRAV3,2026-02-12,18.04,18.06,17.28,17.59,7017800
Brava Energia,BRAV3,2026-02-13,17.3,17.69,17.23,17.69,5908000
Brava Energia,BRAV3,2026-02-18,17.9,18.42,17.85,18.14,7000400
Brava Energia,BRAV3,2026-02-19,18.37,19.04,18.2,18.74,10240200
Brava Energia,BRAV3,2026-02-20,18.6,18.88,18.59,18.85,7637600
Brava Energia,BRAV3,2026-02-23,18.78,19.0,18.35,18.51,6846900
Brava Energia,BRAV3,2026-02-24,18.56,18.91,18.36,18.73,6459400
Brava Energia,BRAV3,2026-02-25,18.89,18.97,18.32,18.66,4413400
Brava Energia,BRAV3,2026-02-26,18.46,18.6,18.22,18.57,6822000
Brava Energia,BRAV3,2026-02-27,18.75,18.79,18.5,18.64,6245100
Brava Energia,BRAV3,2026-03-02,19.38,19.57,19.11,19.17,13222400
Brava Energia,BRAV3,2026-03-03,19.52,19.58,18.6,18.61,10568600
Brava Energia,BRAV3,2026-03-04,18.66,18.85,18.3,18.81,7705600
Brava Energia,BRAV3,2026-03-05,18.9,19.22,18.85,18.86,6674000
Brava Energia,BRAV3,2026-03-06,19.21,19.88,19.21,19.73,14459200
Brava Energia,BRAV3,2026-03-09,20.3,20.46,19.46,19.52,16238500
Brava Energia,BRAV3,2026-03-10,19.1,19.66,19.05,19.51,7775400
Brava Energia,BRAV3,2026-03-11,19.76,20.13,19.64,19.64,7414300
Brava Energia,BRAV3,2026-03-12,19.39,19.98,18.3,18.32,12654000
Brava Energia,BRAV3,2026-03-13,18.15,19.13,17.8,17.91,11747600
Brava Energia,BRAV3,2026-03-16,17.79,18.81,17.77,18.64,10071800
Brava Energia,BRAV3,2026-03-17,18.5,18.55,17.55,18.02,10960400
Brava Energia,BRAV3,2026-03-18,18.17,18.5,18.01,18.26,6810500
Brava Energia,BRAV3,2026-03-19,18.37,18.65,17.37,17.47,10043000
Brava Energia,BRAV3,2026-03-20,17.46,17.53,16.38,16.89,19092700
Brava Energia,BRAV3,2026-03-23,16.72,17.59,16.44,17.5,8171600
Brava Energia,BRAV3,2026-03-24,17.7,18.13,17.48,17.84,10205800
Brava Energia,BRAV3,2026-03-25,17.62,19.25,17.47,18.92,12712500
Brava Energia,BRAV3,2026-03-26,19.04,20.07,18.79,19.87,15292000
Brava Energia,BRAV3,2026-03-27,20.09,20.12,19.48,19.56,8949000
Brava Energia,BRAV3,2026-03-30,19.65,20.99,19.6,20.14,14844400
Brava Energia,BRAV3,2026-03-31,20.35,21.08,19.81,20.57,18859300
Brava Energia,BRAV3,2026-04-01,20.17,20.63,19.17,19.82,15965200
Brava Energia,BRAV3,2026-04-02,20.59,20.8,19.97,20.29,6004800
PetroRio,PRIO3,2025-10-02,38.21,38.54,38.07,38.3,4559000
PetroRio,PRIO3,2025-10-03,38.26,38.45,38.07,38.24,2850500
PetroRio,PRIO3,2025-10-06,38.41,38.55,37.85,37.91,3486500
PetroRio,PRIO3,2025-10-07,37.6,37.83,37.16,37.73,5573300
PetroRio,PRIO3,2025-10-08,37.99,38.0,37.47,37.64,3996200
PetroRio,PRIO3,2025-10-09,37.99,38.0,37.18,37.28,6449900
PetroRio,PRIO3,2025-10-10,36.97,37.04,35.93,36.02,10143700
PetroRio,PRIO3,2025-10-13,36.49,36.49,36.25,36.3,5343700
PetroRio,PRIO3,2025-10-14,36.0,36.05,35.13,35.32,10794100
PetroRio,PRIO3,2025-10-15,35.33,35.73,34.53,34.6,12796000
PetroRio,PRIO3,2025-10-16,34.63,34.86,34.18,34.2,8969900
PetroRio,PRIO3,2025-10-17,35.15,36.38,34.56,36.12,28201400
PetroRio,PRIO3,2025-10-20,35.9,35.9,35.26,35.41,6593700
PetroRio,PRIO3,2025-10-21,35.9,35.9,34.79,35.15,8054200
PetroRio,PRIO3,2025-10-22,35.46,36.35,35.29,36.21,8891900
PetroRio,PRIO3,2025-10-23,37.12,37.38,36.61,36.86,8136000
PetroRio,PRIO3,2025-10-24,37.0,37.26,36.8,37.05,5339200
PetroRio,PRIO3,2025-10-27,37.25,37.26,36.73,37.0,4374200
PetroRio,PRIO3,2025-10-28,36.79,36.79,36.2,36.43,7011700
PetroRio,PRIO3,2025-10-29,36.65,36.67,35.88,36.0,7723500
PetroRio,PRIO3,2025-10-30,35.69,36.08,35.57,35.77,5324800
PetroRio,PRIO3,2025-10-31,35.99,36.03,35.65,36.03,7234300
PetroRio,PRIO3,2025-11-03,36.1,37.02,35.87,36.44,12814100
PetroRio,PRIO3,2025-11-04,36.18,36.8,36.08,36.75,6146600
PetroRio,PRIO3,2025-11-05,36.75,38.05,36.23,37.81,13106700
PetroRio,PRIO3,2025-11-06,38.05,38.87,37.81,38.46,10371600
PetroRio,PRIO3,2025-11-07,38.7,39.17,38.54,38.85,7737000
PetroRio,PRIO3,2025-11-10,39.16,39.37,38.81,39.23,8183000
PetroRio,PRIO3,2025-11-11,39.52,40.48,39.3,40.3,11941800
PetroRio,PRIO3,2025-11-12,40.42,40.5,39.25,40.01,10812200
PetroRio,PRIO3,2025-11-13,40.01,40.35,39.44,39.83,10361400
PetroRio,PRIO3,2025-11-14,40.0,40.74,39.68,39.79,7308900
PetroRio,PRIO3,2025-11-17,39.79,40.54,39.74,39.85,8131600
PetroRio,PRIO3,2025-11-18,39.6,40.42,39.5,40.04,6485800
PetroRio,PRIO3,2025-11-19,39.7,39.82,39.31,39.41,7753400
PetroRio,PRIO3,2025-11-21,39.0,39.27,38.41,38.8,11583400
PetroRio,PRIO3,2025-11-24,38.66,38.9,38.32,38.54,9987100
PetroRio,PRIO3,2025-11-25,38.2,38.3,37.4,37.52,8658500
PetroRio,PRIO3,2025-11-26,37.52,38.0,37.22,37.99,7332100
PetroRio,PRIO3,2025-11-27,37.85,37.96,37.36,37.71,4959900
PetroRio,PRIO3,2025-11-28,37.6,37.83,37.16,37.21,5622500
PetroRio,PRIO3,2025-12-01,37.45,37.85,37.18,37.56,4916200
PetroRio,PRIO3,2025-12-02,37.56,38.1,37.11,37.58,6006100
PetroRio,PRIO3,2025-12-03,37.96,39.34,37.96,39.33,11462600
PetroRio,PRIO3,2025-12-04,39.44,40.14,39.09,39.59,8878000
PetroRio,PRIO3,2025-12-05,39.54,40.15,38.92,39.26,9137700
PetroRio,PRIO3,2025-12-08,39.33,39.85,39.17,39.35,8654300
PetroRio,PRIO3,2025-12-09,39.35,39.93,39.19,39.8,5983700
PetroRio,PRIO3,2025-12-10,39.84,40.05,39.34,39.6,4371000
PetroRio,PRIO3,2025-12-11,39.41,39.53,38.59,38.93,6171000
PetroRio,PRIO3,2025-12-12,39.41,39.53,38.59,39.41,3910400
PetroRio,PRIO3,2025-12-15,39.5,39.75,39.27,39.5,4717300
PetroRio,PRIO3,2025-12-16,39.05,39.05,38.1,38.55,7935100
PetroRio,PRIO3,2025-12-17,38.89,39.28,38.42,38.57,10746700
PetroRio,PRIO3,2025-12-18,38.81,39.54,38.47,38.55,7811400
PetroRio,PRIO3,2025-12-19,38.6,38.96,38.21,38.21,8944400
PetroRio,PRIO3,2025-12-22,38.55,39.79,38.55,39.41,17065300
PetroRio,PRIO3,2025-12-23,39.5,40.45,39.38,40.42,8875000
PetroRio,PRIO3,2025-12-26,40.16,40.6,39.74,40.6,4904900
PetroRio,PRIO3,2025-12-29,41.06,41.5,40.62,41.14,7847500
PetroRio,PRIO3,2025-12-30,41.25,41.58,40.9,41.42,4692600
PetroRio,PRIO3,2026-01-02,41.42,41.84,40.89,41.76,7574500
PetroRio,PRIO3,2026-01-05,41.61,41.89,40.59,41.15,9298900
PetroRio,PRIO3,2026-01-06,41.56,42.06,40.67,40.82,8455000
PetroRio,PRIO3,2026-01-07,40.65,41.4,40.19,41.07,10893600
PetroRio,PRIO3,2026-01-08,41.13,41.93,40.75,41.83,12723300
PetroRio,PRIO3,2026-01-09,41.71,43.07,41.52,42.68,10073100
PetroRio,PRIO3,2026-01-12,42.57,43.44,42.32,43.24,5905600
PetroRio,PRIO3,2026-01-13,43.34,43.77,42.8,42.8,14259600
PetroRio,PRIO3,2026-01-14,43.12,44.83,42.76,44.07,13991100
PetroRio,PRIO3,2026-01-15,43.36,43.95,42.97,43.78,9288600
PetroRio,PRIO3,2026-01-16,43.81,44.69,43.81,44.17,15884800
PetroRio,PRIO3,2026-01-19,43.85,45.12,43.81,44.93,6223200
PetroRio,PRIO3,2026-01-20,44.93,45.78,44.54,45.41,10324400
PetroRio,PRIO3,2026-01-21,45.91,47.16,45.34,46.88,15136900
PetroRio,PRIO3,2026-01-22,46.74,47.08,46.07,46.25,16034600
PetroRio,PRIO3,2026-01-23,47.05,48.99,47.05,48.52,16531900
PetroRio,PRIO3,2026-01-26,48.56,48.83,47.4,48.5,9296100
PetroRio,PRIO3,2026-01-27,48.8,49.64,48.51,49.01,12797500
PetroRio,PRIO3,2026-01-28,49.09,50.72,49.09,50.5,14580800
PetroRio,PRIO3,2026-01-29,51.15,51.98,50.7,51.51,18187800
PetroRio,PRIO3,2026-01-30,50.99,51.51,50.42,50.99,10519100
PetroRio,PRIO3,2026-02-02,49.48,51.08,49.41,50.88,14347500
PetroRio,PRIO3,2026-02-03,50.99,52.66,50.99,51.5,8827300
PetroRio,PRIO3,2026-02-04,51.46,51.46,50.01,50.25,12570600
PetroRio,PRIO3,2026-02-05,50.14,50.44,48.77,49.15,11831500
PetroRio,PRIO3,2026-02-06,49.08,50.76,48.67,50.63,8041400
PetroRio,PRIO3,2026-02-09,50.73,51.5,50.21,51.05,7333000
PetroRio,PRIO3,2026-02-10,50.88,51.59,50.8,51.47,5090600
PetroRio,PRIO3,2026-02-11,51.99,53.99,51.8,53.6,14833100
PetroRio,PRIO3,2026-02-12,53.26,53.83,51.7,52.23,18884200
PetroRio,PRIO3,2026-02-13,51.6,52.8,51.45,52.56,5159700
PetroRio,PRIO3,2026-02-18,53.15,53.8,53.04,53.78,8114300
PetroRio,PRIO3,2026-02-19,54.02,56.05,53.7,54.93,14243600
PetroRio,PRIO3,2026-02-20,54.93,55.02,54.15,55.02,9438800
PetroRio,PRIO3,2026-02-23,54.81,55.89,53.24,53.45,10312200
PetroRio,PRIO3,2026-02-24,54.0,54.89,53.7,54.68,9918000
PetroRio,PRIO3,2026-02-25,54.98,55.04,53.0,53.63,7089200
PetroRio,PRIO3,2026-02-26,53.1,53.57,52.34,52.34,11572300
PetroRio,PRIO3,2026-02-27,52.75,54.49,52.13,54.49,19125000
PetroRio,PRIO3,2026-03-02,57.7,58.13,56.62,57.28,29969500
PetroRio,PRIO3,2026-03-03,58.6,58.9,54.72,55.12,24747300
PetroRio,PRIO3,2026-03-04,55.57,55.97,53.57,55.52,10336000
PetroRio,PRIO3,2026-03-05,55.8,57.84,55.75,56.96,20065800
PetroRio,PRIO3,2026-03-06,58.12,60.18,58.01,59.39,20121300
PetroRio,PRIO3,2026-03-09,61.61,63.35,59.56,59.7,43151500
PetroRio,PRIO3,2026-03-10,58.4,59.45,56.9,58.9,24743300
PetroRio,PRIO3,2026-03-11,61.0,61.5,58.9,59.35,22792500
PetroRio,PRIO3,2026-03-12,61.13,62.0,56.87,59.5,40135200
PetroRio,PRIO3,2026-03-13,59.0,59.26,57.38,57.8,28909600
PetroRio,PRIO3,2026-03-16,58.08,59.91,57.23,59.8,16130400
PetroRio,PRIO3,2026-03-17,60.1,62.93,60.1,62.69,18133100
PetroRio,PRIO3,2026-03-18,62.99,66.11,62.99,66.03,20929300
PetroRio,PRIO3,2026-03-19,67.5,68.94,65.0,65.82,24318500
PetroRio,PRIO3,2026-03-20,66.14,67.89,64.12,67.89,22239500
PetroRio,PRIO3,2026-03-23,64.0,67.07,63.05,65.96,21043200
PetroRio,PRIO3,2026-03-24,66.67,68.07,66.14,67.63,12153900
PetroRio,PRIO3,2026-03-25,65.8,67.44,65.4,67.28,12041700
PetroRio,PRIO3,2026-03-26,68.0,69.09,67.77,68.76,10943300
PetroRio,PRIO3,2026-03-27,69.5,71.55,68.63,70.82,18568900
PetroRio,PRIO3,2026-03-30,71.11,72.97,70.68,72.1,13330400
PetroRio,PRIO3,2026-03-31,72.3,72.98,66.2,66.21,27681100
PetroRio,PRIO3,2026-04-01,64.8,65.46,62.54,64.13,25964300
PetroRio,PRIO3,2026-04-02,68.26,69.14,66.05,66.3,11248300
PetroReconcavo,RECV3,2025-10-02,11.48,11.52,11.24,11.24,1782800
PetroReconcavo,RECV3,2025-10-03,11.26,11.36,11.18,11.21,1729100
PetroReconcavo,RECV3,2025-10-06,11.31,11.41,11.2,11.2,2108400
PetroReconcavo,RECV3,2025-10-07,11.15,11.3,11.12,11.3,1730100
PetroReconcavo,RECV3,2025-10-08,11.38,11.38,11.12,11.12,2011100
PetroReconcavo,RECV3,2025-10-09,11.12,11.23,11.05,11.05,1864200
PetroReconcavo,RECV3,2025-10-10,11.06,11.12,10.61,10.71,5100300
PetroReconcavo,RECV3,2025-10-13,10.85,11.26,10.79,11.03,3120100
PetroReconcavo,RECV3,2025-10-14,10.93,11.07,10.87,10.89,2168700
PetroReconcavo,RECV3,2025-10-15,10.89,11.13,10.88,11.09,3368600
PetroReconcavo,RECV3,2025-10-16,11.02,11.17,10.93,11.04,2956900
PetroReconcavo,RECV3,2025-10-17,11.08,11.36,10.98,11.18,2862700
PetroReconcavo,RECV3,2025-10-20,11.18,11.22,11.1,11.11,1588200
PetroReconcavo,RECV3,2025-10-21,11.15,11.27,11.1,11.12,1499200
PetroReconcavo,RECV3,2025-10-22,11.27,11.29,11.1,11.29,2107600
PetroReconcavo,RECV3,2025-10-23,11.65,11.66,11.28,11.44,2771100
PetroReconcavo,RECV3,2025-10-24,11.44,11.56,11.32,11.32,1639800
PetroReconcavo,RECV3,2025-10-27,11.4,11.46,11.28,11.37,1503700
PetroReconcavo,RECV3,2025-10-28,11.37,11.49,11.34,11.4,1723100
PetroReconcavo,RECV3,2025-10-29,11.45,11.48,11.22,11.25,1492400
PetroReconcavo,RECV3,2025-10-30,11.17,11.41,11.17,11.23,1373200
PetroReconcavo,RECV3,2025-10-31,11.32,11.37,11.23,11.26,1874200
PetroReconcavo,RECV3,2025-11-03,11.28,11.49,11.28,11.46,2115700
PetroReconcavo,RECV3,2025-11-04,11.38,11.59,11.38,11.59,2042300
PetroReconcavo,RECV3,2025-11-05,11.59,11.63,11.46,11.47,4179200
PetroReconcavo,RECV3,2025-11-06,11.46,11.61,11.31,11.36,3567500
PetroReconcavo,RECV3,2025-11-07,11.01,11.02,10.63,10.63,11226700
PetroReconcavo,RECV3,2025-11-10,10.73,10.82,10.48,10.67,5059400
PetroReconcavo,RECV3,2025-11-11,10.71,10.89,10.59,10.89,5340300
PetroReconcavo,RECV3,2025-11-12,10.93,10.93,10.19,10.34,10505900
PetroReconcavo,RECV3,2025-11-13,10.32,10.41,10.21,10.21,5340400
PetroReconcavo,RECV3,2025-11-14,10.3,10.32,9.99,10.05,6465900
PetroReconcavo,RECV3,2025-11-17,10.1,10.1,9.98,10.02,2831800
PetroReconcavo,RECV3,2025-11-18,9.99,10.27,9.9,10.21,4722400
PetroReconcavo,RECV3,2025-11-19,10.11,10.13,9.98,10.0,2924800
PetroReconcavo,RECV3,2025-11-21,10.0,10.0,9.8,9.86,3061700
PetroReconcavo,RECV3,2025-11-24,9.84,9.93,9.76,9.76,3962400
PetroReconcavo,RECV3,2025-11-25,9.7,9.73,9.5,9.51,4770600
PetroReconcavo,RECV3,2025-11-26,9.51,9.73,9.51,9.73,3048900
PetroReconcavo,RECV3,2025-11-27,9.75,9.79,9.57,9.63,2682800
PetroReconcavo,RECV3,2025-11-28,9.63,9.75,9.55,9.7,2592400
PetroReconcavo,RECV3,2025-12-01,9.8,9.85,9.52,9.52,4454400
PetroReconcavo,RECV3,2025-12-02,9.57,9.68,9.47,9.66,5014600
PetroReconcavo,RECV3,2025-12-03,9.7,9.77,9.66,9.69,4117700
PetroReconcavo,RECV3,2025-12-04,9.73,10.1,9.7,10.03,8153700
PetroReconcavo,RECV3,2025-12-05,10.06,10.24,9.8,9.84,4971100
PetroReconcavo,RECV3,2025-12-08,9.84,10.2,9.82,9.82,4925800
PetroReconcavo,RECV3,2025-12-09,9.82,9.92,9.7,9.82,3642200
PetroReconcavo,RECV3,2025-12-10,9.82,9.9,9.64,9.85,3480100
PetroReconcavo,RECV3,2025-12-11,9.77,9.83,9.62,9.64,2281000
PetroReconcavo,RECV3,2025-12-12,9.68,9.84,9.68,9.71,1779600
PetroReconcavo,RECV3,2025-12-15,9.73,9.81,9.7,9.76,2201200
PetroReconcavo,RECV3,2025-12-16,9.7,9.7,9.43,9.44,3865900
PetroReconcavo,RECV3,2025-12-17,9.52,9.62,9.45,9.59,3845900
PetroReconcavo,RECV3,2025-12-18,9.61,9.96,9.61,9.79,3420300
PetroReconcavo,RECV3,2025-12-19,9.98,10.19,9.72,9.72,6340200
PetroReconcavo,RECV3,2025-12-22,9.9,10.07,9.73,9.97,3567900
PetroReconcavo,RECV3,2025-12-23,10.02,10.1,9.97,10.08,2386300
PetroReconcavo,RECV3,2025-12-26,10.06,10.12,9.97,10.09,2042200
PetroReconcavo,RECV3,2025-12-29,10.13,10.32,10.11,10.19,2020900
PetroReconcavo,RECV3,2025-12-30,10.26,10.34,10.22,10.27,2227000
PetroReconcavo,RECV3,2026-01-02,10.36,10.36,9.98,9.99,4043000
PetroReconcavo,RECV3,2026-01-05,10.02,10.06,9.8,10.05,4399600
PetroReconcavo,RECV3,2026-01-06,10.09,10.27,10.02,10.05,8714700
PetroReconcavo,RECV3,2026-01-07,10.06,10.09,9.78,9.98,6328600
PetroReconcavo,RECV3,2026-01-08,9.97,10.05,9.86,9.99,6200200
PetroReconcavo,RECV3,2026-01-09,10.11,10.32,10.07,10.22,6247300
PetroReconcavo,RECV3,2026-01-12,10.25,10.44,10.09,10.44,5883000
PetroReconcavo,RECV3,2026-01-13,10.55,10.55,10.32,10.34,7282300
PetroReconcavo,RECV3,2026-01-14,10.4,10.68,10.2,10.58,5760200
PetroReconcavo,RECV3,2026-01-15,10.41,10.63,10.34,10.57,3484000
PetroReconcavo,RECV3,2026-01-16,10.58,10.65,10.33,10.33,4043700
PetroReconcavo,RECV3,2026-01-19,10.35,10.49,10.3,10.46,2293700
PetroReconcavo,RECV3,2026-01-20,10.48,10.62,10.34,10.6,2466900
PetroReconcavo,RECV3,2026-01-21,10.68,10.99,10.65,10.98,4892400
PetroReconcavo,RECV3,2026-01-22,10.97,11.04,10.77,10.87,4720600
PetroReconcavo,RECV3,2026-01-23,10.9,11.21,10.87,11.11,4764100
PetroReconcavo,RECV3,2026-01-26,11.11,11.16,10.94,11.09,3062000
PetroReconcavo,RECV3,2026-01-27,11.17,11.36,11.11,11.2,3410300
PetroReconcavo,RECV3,2026-01-28,11.28,11.55,11.2,11.48,3908700
PetroReconcavo,RECV3,2026-01-29,11.55,11.64,11.27,11.3,3969500
PetroReconcavo,RECV3,2026-01-30,11.26,11.3,11.08,11.3,2902300
PetroReconcavo,RECV3,2026-02-02,11.05,11.15,10.72,10.94,7667200
PetroReconcavo,RECV3,2026-02-03,11.06,11.25,11.04,11.16,2953700
PetroReconcavo,RECV3,2026-02-04,11.17,11.19,10.77,10.82,2914400
PetroReconcavo,RECV3,2026-02-05,10.82,10.91,10.61,10.68,3203700
PetroReconcavo,RECV3,2026-02-06,10.7,10.76,10.54,10.76,2591900
PetroReconcavo,RECV3,2026-02-09,10.8,10.95,10.67,10.94,2299100
PetroReconcavo,RECV3,2026-02-10,10.95,11.07,10.93,11.02,2636600
PetroReconcavo,RECV3,2026-02-11,11.09,11.14,10.92,11.0,3736900
PetroReconcavo,RECV3,2026-02-12,11.0,11.01,10.63,10.63,3402200
PetroReconcavo,RECV3,2026-02-13,10.6,10.95,10.51,10.85,3649000
PetroReconcavo,RECV3,2026-02-18,10.91,11.48,10.91,11.24,3936500
PetroReconcavo,RECV3,2026-02-19,11.3,11.58,11.26,11.37,4548600
PetroReconcavo,RECV3,2026-02-20,11.34,11.73,11.3,11.69,5439000
PetroReconcavo,RECV3,2026-02-23,11.7,11.9,11.48,11.58,3103300
PetroReconcavo,RECV3,2026-02-24,11.58,11.99,11.58,11.99,4251700
PetroReconcavo,RECV3,2026-02-25,12.0,12.09,11.74,11.97,4501100
PetroReconcavo,RECV3,2026-02-26,11.93,12.3,11.84,12.26,5243800
PetroReconcavo,RECV3,2026-02-27,12.26,12.4,12.19,12.32,2934800
PetroReconcavo,RECV3,2026-03-02,12.89,12.92,12.38,12.73,10057700
PetroReconcavo,RECV3,2026-03-03,12.9,13.0,12.3,12.3,8231500
PetroReconcavo,RECV3,2026-03-04,12.44,12.53,12.15,12.5,5423200
PetroReconcavo,RECV3,2026-03-05,12.58,12.86,12.54,12.85,7456000
PetroReconcavo,RECV3,2026-03-06,12.89,13.05,12.77,12.87,6800800
PetroReconcavo,RECV3,2026-03-09,13.2,13.27,12.68,12.86,8232300
PetroReconcavo,RECV3,2026-03-10,12.66,12.89,12.51,12.89,4773500
PetroReconcavo,RECV3,2026-03-11,12.87,13.2,12.83,12.89,3923400
PetroReconcavo,RECV3,2026-03-12,13.01,13.06,12.7,12.86,4043800
PetroReconcavo,RECV3,2026-03-13,12.8,13.01,12.71,12.84,3355800
PetroReconcavo,RECV3,2026-03-16,12.9,13.19,12.7,13.13,2901900
PetroReconcavo,RECV3,2026-03-17,13.15,13.78,13.15,13.65,3758000
PetroReconcavo,RECV3,2026-03-18,13.65,13.95,13.48,13.74,4469400
PetroReconcavo,RECV3,2026-03-19,13.64,13.8,13.15,13.43,7130600
PetroReconcavo,RECV3,2026-03-20,13.31,13.39,12.52,12.72,7345300
PetroReconcavo,RECV3,2026-03-23,12.45,13.19,12.36,13.08,3841800
PetroReconcavo,RECV3,2026-03-24,13.1,13.3,12.96,13.09,2887500
PetroReconcavo,RECV3,2026-03-25,12.9,13.47,12.88,13.27,3058700
PetroReconcavo,RECV3,2026-03-26,13.24,13.59,13.2,13.3,2003600
PetroReconcavo,RECV3,2026-03-27,13.32,13.69,13.32,13.58,4322900
PetroReconcavo,RECV3,2026-03-30,13.7,14.26,13.69,13.95,4813100
PetroReconcavo,RECV3,2026-03-31,14.08,14.23,13.73,14.03,5068600
PetroReconcavo,RECV3,2026-04-01,13.81,14.02,13.25,13.6,4034300
PetroReconcavo,RECV3,2026-04-02,14.0,14.19,13.6,13.81,4467800
Equatorial,EQTL3,2025-10-02,35.12,35.26,34.55,34.77,7774900
Equatorial,EQTL3,2025-10-03,34.77,34.9,34.38,34.77,4691600
Equatorial,EQTL3,2025-10-06,34.77,34.89,34.45,34.63,5390300
Equatorial,EQTL3,2025-10-07,34.44,34.5,33.65,33.78,26233100
Equatorial,EQTL3,2025-10-08,33.93,33.95,33.57,33.85,20706800
Equatorial,EQTL3,2025-10-09,34.02,34.06,33.71,33.88,6721400
Equatorial,EQTL3,2025-10-10,33.94,34.17,33.49,33.81,24800700
Equatorial,EQTL3,2025-10-13,33.96,34.25,33.93,33.94,5046900
Equatorial,EQTL3,2025-10-14,33.9,34.16,33.67,33.82,7482400
Equatorial,EQTL3,2025-10-15,33.41,34.26,33.33,34.23,11827400
Equatorial,EQTL3,2025-10-16,33.87,34.49,33.87,34.41,5982600
Equatorial,EQTL3,2025-10-17,34.06,35.03,34.06,34.84,12510900
Equatorial,EQTL3,2025-10-20,35.05,35.24,34.82,35.01,5660000
Equatorial,EQTL3,2025-10-21,34.93,35.17,34.56,34.78,4577200
Equatorial,EQTL3,2025-10-22,34.9,35.07,34.49,35.07,7354800
Equatorial,EQTL3,2025-10-23,35.2,35.38,34.79,35.18,4933000
Equatorial,EQTL3,2025-10-24,35.38,35.84,35.29,35.58,4514500
Equatorial,EQTL3,2025-10-27,35.85,36.01,35.54,35.75,6292200
Equatorial,EQTL3,2025-10-28,35.66,35.72,33.89,34.61,28331500
Equatorial,EQTL3,2025-10-29,34.91,35.52,34.81,35.2,20986400
Equatorial,EQTL3,2025-10-30,34.93,35.3,34.72,35.3,8951200
Equatorial,EQTL3,2025-10-31,35.44,35.44,34.7,35.15,6697300
Equatorial,EQTL3,2025-11-03,35.39,36.2,35.25,36.06,28416100
Equatorial,EQTL3,2025-11-04,35.97,36.46,35.95,36.21,12611600
Equatorial,EQTL3,2025-11-05,36.21,37.16,36.2,36.97,14694500
Equatorial,EQTL3,2025-11-06,37.38,37.58,36.92,37.47,7561100
Equatorial,EQTL3,2025-11-07,37.47,37.73,37.02,37.66,9811300
Equatorial,EQTL3,2025-11-10,37.91,38.14,37.7,37.96,7535000
Equatorial,EQTL3,2025-11-11,38.3,39.36,38.09,38.98,14677900
Equatorial,EQTL3,2025-11-12,38.86,39.42,38.83,39.36,8010000
Equatorial,EQTL3,2025-11-13,39.37,39.51,38.77,39.14,6939700
Equatorial,EQTL3,2025-11-14,39.12,39.69,38.79,39.32,8784600
Equatorial,EQTL3,2025-11-17,39.29,39.49,38.97,39.12,14334600
Equatorial,EQTL3,2025-11-18,38.9,39.33,38.76,39.04,5676000
Equatorial,EQTL3,2025-11-19,38.86,39.01,38.51,38.78,5599400
Equatorial,EQTL3,2025-11-21,38.68,38.82,38.21,38.71,6434200
Equatorial,EQTL3,2025-11-24,38.59,38.85,38.43,38.62,6905800
Equatorial,EQTL3,2025-11-25,38.57,39.01,38.44,39.01,3851200
Equatorial,EQTL3,2025-11-26,39.11,39.72,38.97,39.56,15332100
Equatorial,EQTL3,2025-11-27,39.56,39.69,39.45,39.52,5508900
Equatorial,EQTL3,2025-11-28,39.55,39.83,39.24,39.62,6191000
Equatorial,EQTL3,2025-12-01,39.54,39.6,39.08,39.16,5007100
Equatorial,EQTL3,2025-12-02,39.43,40.08,39.24,40.06,7442900
Equatorial,EQTL3,2025-12-03,40.31,40.37,39.8,40.02,4379000
Equatorial,EQTL3,2025-12-04,40.16,41.14,40.13,41.11,10095100
Equatorial,EQTL3,2025-12-05,41.07,41.36,38.75,39.1,11180400
Equatorial,EQTL3,2025-12-08,39.31,39.32,38.16,38.8,12514600
Equatorial,EQTL3,2025-12-09,38.61,38.74,37.74,38.42,7562800
Equatorial,EQTL3,2025-12-10,38.44,38.63,38.06,38.37,4771800
Equatorial,EQTL3,2025-12-11,38.21,39.11,38.12,38.75,5080600
Equatorial,EQTL3,2025-12-12,38.98,39.72,38.79,39.69,7896400
Equatorial,EQTL3,2025-12-15,40.17,40.72,39.87,40.31,6487500
Equatorial,EQTL3,2025-12-16,39.75,39.9,38.75,38.85,10856300
Equatorial,EQTL3,2025-12-17,38.19,38.54,37.62,37.96,23444200
Equatorial,EQTL3,2025-12-18,37.71,38.73,37.17,38.42,9794500
Equatorial,EQTL3,2025-12-19,38.29,39.3,38.29,38.58,11808700
Equatorial,EQTL3,2025-12-22,38.36,38.36,37.37,37.47,5912100
Equatorial,EQTL3,2025-12-23,37.62,38.43,37.59,38.3,3469100
Equatorial,EQTL3,2025-12-26,37.95,38.49,37.9,38.37,2191900
Equatorial,EQTL3,2025-12-29,38.37,38.37,37.58,38.37,5633500
Equatorial,EQTL3,2025-12-30,38.2,38.56,38.2,38.5,5154100
Equatorial,EQTL3,2026-01-02,38.62,38.73,38.3,38.3,5026900
Equatorial,EQTL3,2026-01-05,38.4,38.64,37.99,38.6,4763000
Equatorial,EQTL3,2026-01-06,38.92,39.47,38.79,38.99,4652600
Equatorial,EQTL3,2026-01-07,38.9,38.99,38.17,38.25,4184200
Equatorial,EQTL3,2026-01-08,38.25,38.81,38.09,38.8,4982900
Equatorial,EQTL3,2026-01-09,38.79,39.16,38.7,38.89,3916200
Equatorial,EQTL3,2026-01-12,38.86,39.07,38.0,38.3,5179700
Equatorial,EQTL3,2026-01-13,38.06,38.23,36.95,37.33,6433000
Equatorial,EQTL3,2026-01-14,37.52,37.67,36.86,37.59,6290100
Equatorial,EQTL3,2026-01-15,37.88,37.93,37.22,37.75,7115500
Equatorial,EQTL3,2026-01-16,37.75,37.82,37.02,37.44,10849300
Equatorial,EQTL3,2026-01-19,37.42,37.65,37.15,37.47,3876500
Equatorial,EQTL3,2026-01-20,37.13,37.96,37.08,37.96,8577800
Equatorial,EQTL3,2026-01-21,38.25,39.2,38.18,39.09,9504900
Equatorial,EQTL3,2026-01-22,39.5,40.59,39.12,40.25,13526100
Equatorial,EQTL3,2026-01-23,40.45,41.61,39.73,40.91,8490600
Equatorial,EQTL3,2026-01-26,41.15,41.25,40.01,40.72,9272400
Equatorial,EQTL3,2026-01-27,41.27,41.84,41.09,41.5,7037400
Equatorial,EQTL3,2026-01-28,41.71,41.89,41.06,41.4,7559900
Equatorial,EQTL3,2026-01-29,41.67,41.67,40.13,40.82,6401500
Equatorial,EQTL3,2026-01-30,40.82,41.15,40.5,40.92,7658600
Equatorial,EQTL3,2026-02-02,41.16,41.16,40.5,40.95,8254600
Equatorial,EQTL3,2026-02-03,41.21,42.16,41.09,41.21,7468100
Equatorial,EQTL3,2026-02-04,41.28,41.28,39.86,40.26,5604600
Equatorial,EQTL3,2026-02-05,40.55,41.25,40.38,40.43,5608000
Equatorial,EQTL3,2026-02-06,40.43,40.93,40.15,40.89,7328400
Equatorial,EQTL3,2026-02-09,40.89,41.55,40.7,41.41,12313700
Equatorial,EQTL3,2026-02-10,41.4,41.82,41.05,41.38,5762600
Equatorial,EQTL3,2026-02-11,41.85,42.34,41.46,42.05,7980900
Equatorial,EQTL3,2026-02-12,41.86,42.16,41.3,41.37,6128100
Equatorial,EQTL3,2026-02-13,40.93,41.34,40.56,41.0,6374000
Equatorial,EQTL3,2026-02-18,41.2,41.22,40.52,40.85,6695500
Equatorial,EQTL3,2026-02-19,40.96,41.33,40.69,41.27,9213500
Equatorial,EQTL3,2026-02-20,40.84,41.76,40.76,41.71,8309400
Equatorial,EQTL3,2026-02-23,41.68,41.93,41.29,41.51,7186200
Equatorial,EQTL3,2026-02-24,41.8,42.44,41.69,42.36,8900400
Equatorial,EQTL3,2026-02-25,42.54,42.68,41.76,42.24,5423000
Equatorial,EQTL3,2026-02-26,42.35,42.9,41.97,42.9,6877500
Equatorial,EQTL3,2026-02-27,42.6,42.72,41.67,42.11,7391500
Equatorial,EQTL3,2026-03-02,41.62,41.98,41.07,41.7,4932800
Equatorial,EQTL3,2026-03-03,39.92,41.06,39.39,40.49,10778000
Equatorial,EQTL3,2026-03-04,40.86,42.1,40.86,41.79,7393000
Equatorial,EQTL3,2026-03-05,41.25,41.75,40.41,40.5,6045500
Equatorial,EQTL3,2026-03-06,40.38,40.68,39.83,40.47,5801300
Equatorial,EQTL3,2026-03-09,40.67,41.0,39.6,40.9,6534600
Equatorial,EQTL3,2026-03-10,41.14,42.51,40.69,41.66,7598100
Equatorial,EQTL3,2026-03-11,41.39,42.38,41.23,41.4,7468600
Equatorial,EQTL3,2026-03-12,39.55,40.88,39.55,40.15,7453800
Equatorial,EQTL3,2026-03-13,40.68,40.98,39.76,40.0,5778200
Equatorial,EQTL3,2026-03-16,40.69,40.96,40.44,40.54,4077100
Equatorial,EQTL3,2026-03-17,40.51,41.41,40.35,40.56,4476000
Equatorial,EQTL3,2026-03-18,40.2,40.77,40.09,40.13,6419300
Equatorial,EQTL3,2026-03-19,39.45,41.68,39.28,41.3,12194600
Equatorial,EQTL3,2026-03-20,41.06,41.28,39.87,39.98,12866800
Equatorial,EQTL3,2026-03-23,40.76,41.85,40.41,41.36,5632200
Equatorial,EQTL3,2026-03-24,41.3,41.63,40.68,41.17,7439500
Equatorial,EQTL3,2026-03-25,41.95,42.57,41.7,42.21,5881400
Equatorial,EQTL3,2026-03-26,41.48,41.53,39.95,40.0,14796800
Equatorial,EQTL3,2026-03-27,39.89,39.89,38.85,39.08,7766200
Equatorial,EQTL3,2026-03-30,39.78,39.99,39.04,39.6,6219700
Equatorial,EQTL3,2026-03-31,40.05,41.18,39.92,40.77,8894300
Equatorial,EQTL3,2026-04-01,41.06,41.32,40.11,40.61,9133500
Equatorial,EQTL3,2026-04-02,39.52,40.87,39.52,40.59,2114300
Copasa,CSMG3,2025-10-02,33.32,33.72,32.77,32.95,1519500
Copasa,CSMG3,2025-10-03,32.95,33.29,32.48,33.01,1887700
Copasa,CSMG3,2025-10-06,32.98,33.11,32.55,32.78,1095200
Copasa,CSMG3,2025-10-07,32.66,32.68,32.04,32.59,1933000
Copasa,CSMG3,2025-10-08,32.58,32.75,32.01,32.24,2664100
Copasa,CSMG3,2025-10-09,32.05,32.51,31.88,32.4,1427700
Copasa,CSMG3,2025-10-10,32.38,32.59,31.78,32.59,2144800
Copasa,CSMG3,2025-10-13,32.65,32.88,32.45,32.73,1674100
Copasa,CSMG3,2025-10-14,32.66,33.57,32.61,33.07,1281800
Copasa,CSMG3,2025-10-15,33.52,35.16,33.29,34.92,5169700
Copasa,CSMG3,2025-10-16,34.92,35.11,34.5,34.65,2243700
Copasa,CSMG3,2025-10-17,34.6,34.84,34.21,34.71,2739400
Copasa,CSMG3,2025-10-20,34.71,35.85,34.69,34.88,2275300
Copasa,CSMG3,2025-10-21,34.88,35.32,34.58,34.89,3245300
Copasa,CSMG3,2025-10-22,34.9,35.15,34.44,35.15,1423600
Copasa,CSMG3,2025-10-23,35.29,35.49,34.95,35.27,1519000
Copasa,CSMG3,2025-10-24,35.73,36.72,35.51,36.44,3566100
Copasa,CSMG3,2025-10-27,36.61,36.98,35.83,36.02,1624000
Copasa,CSMG3,2025-10-28,36.02,37.0,35.9,36.76,1732600
Copasa,CSMG3,2025-10-29,36.79,36.99,36.38,36.38,1397800
Copasa,CSMG3,2025-10-30,36.38,36.57,35.97,36.53,971500
Copasa,CSMG3,2025-10-31,36.6,36.69,36.2,36.69,2150000
Copasa,CSMG3,2025-11-03,36.69,36.79,36.26,36.63,1955600
Copasa,CSMG3,2025-11-04,36.28,36.69,35.92,36.63,1609700
Copasa,CSMG3,2025-11-05,36.63,37.58,36.23,37.15,2767500
Copasa,CSMG3,2025-11-06,37.44,37.7,36.92,37.16,1491700
Copasa,CSMG3,2025-11-07,37.28,37.28,36.31,36.59,1814500
Copasa,CSMG3,2025-11-10,36.69,36.8,36.41,36.57,698300
Copasa,CSMG3,2025-11-11,36.49,37.42,36.43,36.79,1382000
Copasa,CSMG3,2025-11-12,36.79,37.34,36.72,37.17,1033300
Copasa,CSMG3,2025-11-13,37.22,37.49,36.89,37.48,973800
Copasa,CSMG3,2025-11-14,37.47,38.3,37.46,38.21,2468000
Copasa,CSMG3,2025-11-17,38.22,38.41,37.38,37.38,2148100
Copasa,CSMG3,2025-11-18,37.45,37.52,36.97,36.97,979800
Copasa,CSMG3,2025-11-19,36.99,37.07,36.49,37.0,1351300
Copasa,CSMG3,2025-11-21,36.9,37.12,36.25,36.79,1481700
Copasa,CSMG3,2025-11-24,36.79,37.56,36.69,37.09,1140400
Copasa,CSMG3,2025-11-25,37.39,38.23,37.39,38.1,1205000
Copasa,CSMG3,2025-11-26,38.1,39.37,38.1,38.39,2605500
Copasa,CSMG3,2025-11-27,38.59,40.63,38.59,40.2,3220300
Copasa,CSMG3,2025-11-28,40.23,40.42,39.38,40.42,2116900
Copasa,CSMG3,2025-12-01,40.36,41.53,40.25,41.53,4334100
Copasa,CSMG3,2025-12-02,41.75,42.65,41.51,42.34,3649000
Copasa,CSMG3,2025-12-03,42.71,42.71,41.3,41.7,2079100
Copasa,CSMG3,2025-12-04,41.71,42.28,41.2,41.64,2211300
Copasa,CSMG3,2025-12-05,41.46,41.88,40.07,40.54,2157500
Copasa,CSMG3,2025-12-08,40.58,42.83,40.58,42.16,3634000
Copasa,CSMG3,2025-12-09,41.96,41.96,40.75,41.66,1553600
Copasa,CSMG3,2025-12-10,41.66,42.54,41.47,42.12,8249900
Copasa,CSMG3,2025-12-11,42.06,42.41,41.69,41.9,1005500
Copasa,CSMG3,2025-12-12,42.06,43.01,41.69,42.41,1521600
Copasa,CSMG3,2025-12-15,42.42,42.72,41.99,42.53,1059200
Copasa,CSMG3,2025-12-16,42.52,42.65,41.25,41.32,2747500
Copasa,CSMG3,2025-12-17,41.85,42.18,41.01,42.16,2044200
Copasa,CSMG3,2025-12-18,42.79,42.84,40.8,42.18,3568600
Copasa,CSMG3,2025-12-19,42.18,43.21,42.1,42.53,2066000
Copasa,CSMG3,2025-12-22,42.59,42.77,41.74,42.45,1103400
Copasa,CSMG3,2025-12-23,42.68,44.27,42.68,43.59,12120300
Copasa,CSMG3,2025-12-26,43.8,44.01,42.72,42.89,1548600
Copasa,CSMG3,2025-12-29,42.74,42.87,42.33,42.83,1220900
Copasa,CSMG3,2025-12-30,42.93,43.54,42.75,43.54,3253100
Copasa,CSMG3,2026-01-02,43.54,43.72,43.01,43.1,7089600
Copasa,CSMG3,2026-01-05,43.26,43.28,41.91,42.18,4059700
Copasa,CSMG3,2026-01-06,42.08,43.18,42.08,42.7,1160300
Copasa,CSMG3,2026-01-07,42.7,42.7,41.91,42.34,1302400
Copasa,CSMG3,2026-01-08,42.38,43.59,42.37,43.39,2472400
Copasa,CSMG3,2026-01-09,43.39,44.25,43.3,43.93,1649500
Copasa,CSMG3,2026-01-12,43.98,44.79,43.44,44.13,2178300
Copasa,CSMG3,2026-01-13,44.23,44.76,43.45,43.61,2443200
Copasa,CSMG3,2026-01-14,43.84,43.9,43.25,43.86,1286600
Copasa,CSMG3,2026-01-15,44.1,44.47,43.62,43.76,2679600
Copasa,CSMG3,2026-01-16,43.63,44.95,43.55,44.86,5176500
Copasa,CSMG3,2026-01-19,45.05,45.21,44.32,44.63,1220400
Copasa,CSMG3,2026-01-20,44.6,45.34,44.32,45.12,3821900
Copasa,CSMG3,2026-01-21,45.45,46.69,45.33,46.49,3028700
Copasa,CSMG3,2026-01-22,46.49,48.18,46.49,47.81,3216200
Copasa,CSMG3,2026-01-23,47.8,48.99,45.11,48.62,6263900
Copasa,CSMG3,2026-01-26,48.73,50.06,48.62,49.69,3402300
Copasa,CSMG3,2026-01-27,50.0,51.56,50.0,50.58,2311100
Copasa,CSMG3,2026-01-28,50.75,52.05,49.8,50.91,3360200
Copasa,CSMG3,2026-01-29,51.25,51.54,48.76,50.02,4094000
Copasa,CSMG3,2026-01-30,50.05,51.41,49.97,50.71,3213700
Copasa,CSMG3,2026-02-02,51.95,53.29,50.55,51.93,3983600
Copasa,CSMG3,2026-02-03,52.55,54.32,51.93,54.03,4081500
Copasa,CSMG3,2026-02-04,53.98,54.41,52.15,53.01,2841900
Copasa,CSMG3,2026-02-05,53.01,54.47,52.83,53.32,2688400
Copasa,CSMG3,2026-02-06,53.39,53.84,52.92,53.39,1198100
Copasa,CSMG3,2026-02-09,53.04,55.08,52.83,54.91,1914900
Copasa,CSMG3,2026-02-10,54.84,55.42,54.37,55.29,2086100
Copasa,CSMG3,2026-02-11,55.52,57.44,55.29,56.65,4149500
Copasa,CSMG3,2026-02-12,56.57,57.55,55.6,55.98,2300600
Copasa,CSMG3,2026-02-13,55.92,55.92,53.65,55.33,3059600
Copasa,CSMG3,2026-02-18,55.34,57.08,55.34,56.47,2707600
Copasa,CSMG3,2026-02-19,56.52,57.83,56.33,57.65,5059100
Copasa,CSMG3,2026-02-20,57.24,58.27,56.4,58.2,2687200
Copasa,CSMG3,2026-02-23,58.05,58.44,57.45,58.39,2103200
Copasa,CSMG3,2026-02-24,58.42,58.82,56.3,56.73,4465500
Copasa,CSMG3,2026-02-25,56.78,57.73,56.12,56.68,2701500
Copasa,CSMG3,2026-02-26,57.01,57.25,53.86,55.16,5154700
Copasa,CSMG3,2026-02-27,54.76,54.83,53.54,54.23,3331700
Copasa,CSMG3,2026-03-02,53.77,54.87,53.14,54.87,2409900
Copasa,CSMG3,2026-03-03,53.77,53.77,52.14,53.28,3794900
Copasa,CSMG3,2026-03-04,53.55,54.46,52.91,54.04,2023100
Copasa,CSMG3,2026-03-05,53.33,54.23,52.26,52.49,2447000
Copasa,CSMG3,2026-03-06,52.25,52.61,51.25,51.72,2040200
Copasa,CSMG3,2026-03-09,51.97,52.95,51.1,52.69,4169600
Copasa,CSMG3,2026-03-10,53.03,53.83,52.55,53.21,2450900
Copasa,CSMG3,2026-03-11,52.8,54.06,52.48,52.96,1810600
Copasa,CSMG3,2026-03-12,52.23,52.32,51.31,51.57,2062800
Copasa,CSMG3,2026-03-13,51.93,52.86,51.2,51.63,2147700
Copasa,CSMG3,2026-03-16,52.16,53.22,51.53,52.87,3189300
Copasa,CSMG3,2026-03-17,52.87,54.9,52.81,54.11,3926100
Copasa,CSMG3,2026-03-18,54.21,54.72,53.71,53.74,3116900
Copasa,CSMG3,2026-03-19,52.57,55.16,52.57,54.87,2981800
Copasa,CSMG3,2026-03-20,54.9,55.13,52.95,53.0,7203800
Copasa,CSMG3,2026-03-23,53.54,55.46,53.54,54.59,2854600
Copasa,CSMG3,2026-03-24,54.41,54.72,53.05,54.72,1864900
Copasa,CSMG3,2026-03-25,55.0,58.57,54.81,56.6,4676800
Copasa,CSMG3,2026-03-26,55.95,56.12,54.73,55.81,2783900
Copasa,CSMG3,2026-03-27,55.62,56.21,54.15,54.66,2013200
Copasa,CSMG3,2026-03-30,54.92,56.36,54.7,55.96,2277500
Copasa,CSMG3,2026-03-31,56.56,58.4,56.34,57.7,3178000
Copasa,CSMG3,2026-04-01,57.69,57.97,56.61,57.59,3734100
Copasa,CSMG3,2026-04-02,56.51,58.69,56.25,58.33,1827500
Cosan,CSAN3,2025-10-02,6.17,6.2,5.91,5.97,30777100
Cosan,CSAN3,2025-10-03,6.0,6.12,5.96,6.1,16174700
Cosan,CSAN3,2025-10-06,6.14,6.15,5.95,6.04,24694500
Cosan,CSAN3,2025-10-07,6.0,6.03,5.81,5.81,27331900
Cosan,CSAN3,2025-10-08,5.85,5.99,5.82,5.93,11591300
Cosan,CSAN3,2025-10-09,5.95,6.0,5.78,5.89,21480800
Cosan,CSAN3,2025-10-10,5.94,5.94,5.69,5.87,24642000
Cosan,CSAN3,2025-10-13,5.91,6.0,5.84,5.87,14158100
Cosan,CSAN3,2025-10-14,5.85,5.93,5.78,5.88,11549200
Cosan,CSAN3,2025-10-15,5.86,5.99,5.8,5.97,18996400
Cosan,CSAN3,2025-10-16,5.92,5.97,5.66,5.7,29006700
Cosan,CSAN3,2025-10-17,5.68,5.89,5.64,5.87,19714600
Cosan,CSAN3,2025-10-20,5.89,5.94,5.83,5.85,22492500
Cosan,CSAN3,2025-10-21,5.87,6.12,5.76,6.01,22556500
Cosan,CSAN3,2025-10-22,6.01,6.04,5.9,5.95,12217900
Cosan,CSAN3,2025-10-23,6.0,6.22,6.0,6.16,18439200
Cosan,CSAN3,2025-10-24,6.2,6.28,5.96,6.0,20376800
Cosan,CSAN3,2025-10-27,6.08,6.13,5.9,6.12,17602500
Cosan,CSAN3,2025-10-28,6.11,6.16,6.02,6.06,10027200
Cosan,CSAN3,2025-10-29,6.07,6.18,6.04,6.08,16359000
Cosan,CSAN3,2025-10-30,6.03,6.13,5.95,6.07,14644000
Cosan,CSAN3,2025-10-31,6.08,6.15,5.77,6.15,37760100
Cosan,CSAN3,2025-11-03,6.15,6.31,5.98,6.09,30332200
Cosan,CSAN3,2025-11-04,6.04,6.05,5.75,5.9,71997300
Cosan,CSAN3,2025-11-05,5.9,6.14,5.85,6.12,33336100
Cosan,CSAN3,2025-11-06,6.07,6.2,5.93,6.08,53917500
Cosan,CSAN3,2025-11-07,5.95,6.14,5.85,6.13,82145400
Cosan,CSAN3,2025-11-10,6.15,6.25,6.02,6.17,53302100
Cosan,CSAN3,2025-11-11,6.18,6.74,6.18,6.68,71886000
Cosan,CSAN3,2025-11-12,6.4,6.45,6.16,6.41,117337400
Cosan,CSAN3,2025-11-13,6.4,6.49,6.04,6.1,68742200
Cosan,CSAN3,2025-11-14,6.1,6.25,5.96,6.19,38574300
Cosan,CSAN3,2025-11-17,6.07,6.15,5.97,6.0,32138600
Cosan,CSAN3,2025-11-18,5.96,6.06,5.9,5.95,66978800
Cosan,CSAN3,2025-11-19,5.94,5.97,5.83,5.84,30164200
Cosan,CSAN3,2025-11-21,5.84,5.88,5.76,5.85,23466200
Cosan,CSAN3,2025-11-24,5.83,6.01,5.8,5.91,28940800
Cosan,CSAN3,2025-11-25,5.91,5.97,5.84,5.87,26212300
Cosan,CSAN3,2025-11-26,5.91,6.19,5.9,6.08,43636100
Cosan,CSAN3,2025-11-27,6.08,6.24,6.08,6.11,13626000
Cosan,CSAN3,2025-11-28,6.13,6.18,6.07,6.16,20191800
Cosan,CSAN3,2025-12-01,6.15,6.17,6.05,6.15,40170400
Cosan,CSAN3,2025-12-02,6.19,6.42,6.16,6.4,40175500
Cosan,CSAN3,2025-12-03,6.43,6.56,6.38,6.5,23185900
Cosan,CSAN3,2025-12-04,6.57,6.64,6.54,6.6,24892300
Cosan,CSAN3,2025-12-05,6.6,6.78,6.04,6.09,54266600
Cosan,CSAN3,2025-12-08,6.2,6.23,6.0,6.03,39654100
Cosan,CSAN3,2025-12-09,5.98,6.09,5.76,5.89,40831700
Cosan,CSAN3,2025-12-10,5.95,6.05,5.85,6.01,33066300
Cosan,CSAN3,2025-12-11,5.96,6.1,5.94,5.96,17749800
Cosan,CSAN3,2025-12-12,6.0,6.09,5.81,5.83,46369700
Cosan,CSAN3,2025-12-15,5.91,6.06,5.88,5.9,28083000
Cosan,CSAN3,2025-12-16,5.89,5.9,5.5,5.5,58486100
Cosan,CSAN3,2025-12-17,5.49,5.49,5.27,5.31,53396100
Cosan,CSAN3,2025-12-18,5.32,5.38,5.23,5.28,31391700
Cosan,CSAN3,2025-12-19,5.27,5.44,5.25,5.27,37376000
Cosan,CSAN3,2025-12-22,5.26,5.29,5.14,5.14,37105400
Cosan,CSAN3,2025-12-23,5.16,5.35,5.16,5.28,39301200
Cosan,CSAN3,2025-12-26,5.26,5.47,5.24,5.4,32223300
Cosan,CSAN3,2025-12-29,5.38,5.4,5.28,5.3,21406800
Cosan,CSAN3,2025-12-30,5.32,5.4,5.3,5.32,30948900
Cosan,CSAN3,2026-01-02,5.35,5.44,5.22,5.25,84158900
Cosan,CSAN3,2026-01-05,5.26,5.36,5.21,5.25,30511700
Cosan,CSAN3,2026-01-06,5.29,5.37,5.18,5.21,34047400
Cosan,CSAN3,2026-01-07,5.22,5.22,5.08,5.1,26631800
Cosan,CSAN3,2026-01-08,5.12,5.17,5.06,5.11,33850400
Cosan,CSAN3,2026-01-09,5.12,5.18,5.04,5.18,39589600
Cosan,CSAN3,2026-01-12,5.16,5.25,5.12,5.25,29123200
Cosan,CSAN3,2026-01-13,5.22,5.29,5.14,5.14,86373200
Cosan,CSAN3,2026-01-14,5.18,5.33,5.11,5.14,58421200
Cosan,CSAN3,2026-01-15,5.19,5.27,5.01,5.01,36219800
Cosan,CSAN3,2026-01-16,5.03,5.13,4.92,5.13,60416300
Cosan,CSAN3,2026-01-19,5.15,5.15,5.0,5.05,22349900
Cosan,CSAN3,2026-01-20,5.03,5.19,4.99,5.04,32238100
Cosan,CSAN3,2026-01-21,5.16,5.34,5.12,5.34,51843300
Cosan,CSAN3,2026-01-22,5.36,5.65,5.36,5.48,49242200
Cosan,CSAN3,2026-01-23,5.5,5.7,5.43,5.65,33614200
Cosan,CSAN3,2026-01-26,5.7,5.7,5.5,5.65,28523700
Cosan,CSAN3,2026-01-27,5.71,5.85,5.7,5.82,49548900
Cosan,CSAN3,2026-01-28,5.9,6.11,5.86,6.03,50626800
Cosan,CSAN3,2026-01-29,6.1,6.17,5.74,5.91,61040000
Cosan,CSAN3,2026-01-30,5.91,6.1,5.87,5.9,48840000
Cosan,CSAN3,2026-02-02,5.94,5.98,5.76,5.82,22396400
Cosan,CSAN3,2026-02-03,5.9,6.1,5.86,5.99,39603600
Cosan,CSAN3,2026-02-04,5.95,6.07,5.79,5.82,39477700
Cosan,CSAN3,2026-02-05,5.82,5.85,5.61,5.64,33212000
Cosan,CSAN3,2026-02-06,5.6,5.79,5.58,5.77,19745900
Cosan,CSAN3,2026-02-09,5.8,6.08,5.79,6.04,42647300
Cosan,CSAN3,2026-02-10,6.04,6.17,5.91,6.1,34773100
Cosan,CSAN3,2026-02-11,6.17,6.45,6.1,6.43,49027000
Cosan,CSAN3,2026-02-12,6.35,6.39,6.11,6.11,34610700
Cosan,CSAN3,2026-02-13,5.95,6.19,5.89,6.12,27203300
Cosan,CSAN3,2026-02-18,6.11,6.33,6.09,6.3,25541400
Cosan,CSAN3,2026-02-19,6.36,6.49,6.33,6.4,24089400
Cosan,CSAN3,2026-02-20,6.36,6.57,6.3,6.53,37066700
Cosan,CSAN3,2026-02-23,6.55,6.89,6.47,6.6,50908300
Cosan,CSAN3,2026-02-24,6.68,6.9,6.61,6.8,38210900
Cosan,CSAN3,2026-02-25,6.88,6.88,6.47,6.5,34289100
Cosan,CSAN3,2026-02-26,6.47,6.69,6.46,6.64,31041800
Cosan,CSAN3,2026-02-27,6.64,6.66,6.27,6.29,28649900
Cosan,CSAN3,2026-03-02,6.2,6.24,6.0,6.16,27111300
Cosan,CSAN3,2026-03-03,5.88,6.08,5.73,5.97,45478900
Cosan,CSAN3,2026-03-04,6.08,6.13,5.99,6.04,26738500
Cosan,CSAN3,2026-03-05,6.04,6.06,5.71,5.71,35970000
Cosan,CSAN3,2026-03-06,5.66,5.85,5.56,5.59,39661000
Cosan,CSAN3,2026-03-09,5.59,5.85,5.5,5.74,33229300
Cosan,CSAN3,2026-03-10,5.79,6.24,5.72,6.11,28571300
Cosan,CSAN3,2026-03-11,6.08,6.27,5.92,5.97,40084500
Cosan,CSAN3,2026-03-12,5.94,5.94,5.61,5.64,42824000
Cosan,CSAN3,2026-03-13,5.7,5.77,5.37,5.42,36769900
Cosan,CSAN3,2026-03-16,5.56,5.64,5.4,5.45,19160300
Cosan,CSAN3,2026-03-17,5.45,5.6,5.15,5.22,42524300
Cosan,CSAN3,2026-03-18,5.26,5.29,5.08,5.19,29562900
Cosan,CSAN3,2026-03-19,5.1,5.33,5.0,5.24,47319000
Cosan,CSAN3,2026-03-20,5.24,5.27,5.08,5.1,66733700
Cosan,CSAN3,2026-03-23,5.25,5.44,5.2,5.35,33763100
Cosan,CSAN3,2026-03-24,5.35,5.37,5.18,5.32,36545500
Cosan,CSAN3,2026-03-25,5.41,5.54,5.32,5.43,30514800
Cosan,CSAN3,2026-03-26,5.36,5.4,5.21,5.25,24865200
Cosan,CSAN3,2026-03-27,5.2,5.21,5.06,5.11,26640700
Cosan,CSAN3,2026-03-30,5.17,5.2,5.05,5.07,19339300
Cosan,CSAN3,2026-03-31,5.19,5.39,5.18,5.38,39006800
Cosan,CSAN3,2026-04-01,5.39,5.6,5.31,5.43,27751800
Cosan,CSAN3,2026-04-02,5.24,5.4,5.14,5.39,12165600
Vamos,VAMO3,2025-10-02,3.17,3.19,3.04,3.13,18836300
Vamos,VAMO3,2025-10-03,3.1,3.15,3.05,3.1,9680600
Vamos,VAMO3,2025-10-06,3.1,3.17,3.04,3.07,9377100
Vamos,VAMO3,2025-10-07,3.06,3.07,2.86,2.87,19873500
Vamos,VAMO3,2025-10-08,2.88,2.89,2.82,2.84,14382500
Vamos,VAMO3,2025-10-09,2.88,2.92,2.82,2.88,12278400
Vamos,VAMO3,2025-10-10,2.9,2.92,2.79,2.82,13753700
Vamos,VAMO3,2025-10-13,2.85,2.87,2.81,2.81,11562700
Vamos,VAMO3,2025-10-14,2.8,2.85,2.77,2.78,14447400
Vamos,VAMO3,2025-10-15,2.79,2.88,2.75,2.85,16561000
Vamos,VAMO3,2025-10-16,2.82,2.91,2.79,2.82,9920100
Vamos,VAMO3,2025-10-17,2.78,2.86,2.75,2.82,9142900
Vamos,VAMO3,2025-10-20,2.82,2.87,2.77,2.78,14406100
Vamos,VAMO3,2025-10-21,2.86,3.05,2.85,2.97,23666500
Vamos,VAMO3,2025-10-22,2.99,3.18,2.99,3.13,21983200
Vamos,VAMO3,2025-10-23,3.19,3.22,3.07,3.12,11198000
Vamos,VAMO3,2025-10-24,3.15,3.25,3.14,3.2,14449200
Vamos,VAMO3,2025-10-27,3.25,3.28,3.16,3.19,10041900
Vamos,VAMO3,2025-10-28,3.18,3.22,3.08,3.13,13541700
Vamos,VAMO3,2025-10-29,3.15,3.19,3.07,3.07,10731000
Vamos,VAMO3,2025-10-30,3.02,3.14,3.0,3.09,9812200
Vamos,VAMO3,2025-10-31,3.1,3.18,3.08,3.1,11046200
Vamos,VAMO3,2025-11-03,3.11,3.12,3.04,3.05,12077100
Vamos,VAMO3,2025-11-04,3.04,3.21,3.04,3.21,19062500
Vamos,VAMO3,2025-11-05,3.21,3.51,3.14,3.49,25233200
Vamos,VAMO3,2025-11-06,3.42,3.49,3.38,3.4,15034600
Vamos,VAMO3,2025-11-07,3.39,3.45,3.35,3.4,11570100
Vamos,VAMO3,2025-11-10,3.45,3.47,3.36,3.41,11803300
Vamos,VAMO3,2025-11-11,3.43,3.66,3.36,3.61,74833800
Vamos,VAMO3,2025-11-12,3.57,3.62,3.3,3.51,45233300
Vamos,VAMO3,2025-11-13,3.5,3.56,3.42,3.48,14482800
Vamos,VAMO3,2025-11-14,3.45,3.63,3.45,3.59,15758300
Vamos,VAMO3,2025-11-17,3.58,3.58,3.35,3.35,14361400
Vamos,VAMO3,2025-11-18,3.3,3.43,3.27,3.38,8749700
Vamos,VAMO3,2025-11-19,3.36,3.38,3.3,3.35,8254500
Vamos,VAMO3,2025-11-21,3.33,3.34,3.23,3.25,10269700
Vamos,VAMO3,2025-11-24,3.25,3.43,3.25,3.37,10931600
Vamos,VAMO3,2025-11-25,3.38,3.51,3.33,3.47,10692700
Vamos,VAMO3,2025-11-26,3.47,3.72,3.46,3.7,13608600
Vamos,VAMO3,2025-11-27,3.69,3.79,3.67,3.68,9641500
Vamos,VAMO3,2025-11-28,3.69,3.74,3.59,3.67,10575800
Vamos,VAMO3,2025-12-01,3.67,3.75,3.59,3.71,7256500
Vamos,VAMO3,2025-12-02,3.72,3.97,3.71,3.95,20716600
Vamos,VAMO3,2025-12-03,3.96,4.11,3.92,3.98,14425900
Vamos,VAMO3,2025-12-04,4.02,4.06,3.94,3.97,18809900
Vamos,VAMO3,2025-12-05,3.95,4.05,3.67,3.75,24794900
Vamos,VAMO3,2025-12-08,3.83,3.88,3.73,3.73,18694000
Vamos,VAMO3,2025-12-09,3.69,3.69,3.49,3.61,18469800
Vamos,VAMO3,2025-12-10,3.65,3.65,3.4,3.48,26203100
Vamos,VAMO3,2025-12-11,3.45,3.49,3.37,3.45,14797300
Vamos,VAMO3,2025-12-12,3.48,3.63,3.47,3.48,11246900
Vamos,VAMO3,2025-12-15,3.52,3.59,3.43,3.43,11952000
Vamos,VAMO3,2025-12-16,3.4,3.4,3.28,3.3,14107700
Vamos,VAMO3,2025-12-17,3.3,3.41,3.14,3.2,18750300
Vamos,VAMO3,2025-12-18,3.21,3.23,3.14,3.16,12159900
Vamos,VAMO3,2025-12-19,3.23,3.38,3.21,3.24,16043000
Vamos,VAMO3,2025-12-22,3.25,3.27,3.1,3.1,13145900
Vamos,VAMO3,2025-12-23,3.17,3.23,3.14,3.19,11677300
Vamos,VAMO3,2025-12-26,3.15,3.27,3.13,3.27,14043600
Vamos,VAMO3,2025-12-29,3.24,3.28,3.19,3.24,7484800
Vamos,VAMO3,2025-12-30,3.3,3.35,3.23,3.23,7983400
Vamos,VAMO3,2026-01-02,3.25,3.34,3.24,3.25,11660400
Vamos,VAMO3,2026-01-05,3.25,3.29,3.22,3.23,10320500
Vamos,VAMO3,2026-01-06,3.25,3.41,3.25,3.32,13826100
Vamos,VAMO3,2026-01-07,3.31,3.32,3.23,3.26,11710500
Vamos,VAMO3,2026-01-08,3.27,3.37,3.27,3.31,11600300
Vamos,VAMO3,2026-01-09,3.31,3.38,3.29,3.3,7722200
Vamos,VAMO3,2026-01-12,3.33,3.58,3.3,3.57,26626300
Vamos,VAMO3,2026-01-13,3.54,3.76,3.53,3.57,28867700
Vamos,VAMO3,2026-01-14,3.61,3.72,3.56,3.68,21803100
Vamos,VAMO3,2026-01-15,3.72,3.99,3.68,3.96,25518100
Vamos,VAMO3,2026-01-16,3.95,4.03,3.6,3.6,28762900
Vamos,VAMO3,2026-01-19,3.58,3.6,3.5,3.52,15457800
Vamos,VAMO3,2026-01-20,3.49,3.57,3.45,3.47,14484100
Vamos,VAMO3,2026-01-21,3.55,3.75,3.53,3.73,23113000
Vamos,VAMO3,2026-01-22,3.76,3.92,3.75,3.79,26457300
Vamos,VAMO3,2026-01-23,3.79,3.91,3.73,3.86,21444500
Vamos,VAMO3,2026-01-26,3.86,3.95,3.79,3.95,14732600
Vamos,VAMO3,2026-01-27,4.07,4.18,4.04,4.12,21149700
Vamos,VAMO3,2026-01-28,4.13,4.24,4.02,4.11,19894000
Vamos,VAMO3,2026-01-29,4.2,4.24,3.96,4.1,20738800
Vamos,VAMO3,2026-01-30,4.05,4.18,3.96,3.99,23620500
Vamos,VAMO3,2026-02-02,3.99,4.09,3.94,4.07,12957300
Vamos,VAMO3,2026-02-03,4.11,4.4,4.11,4.37,28584800
Vamos,VAMO3,2026-02-04,4.33,4.34,4.07,4.14,22336200
Vamos,VAMO3,2026-02-05,4.13,4.46,4.1,4.4,39569400
Vamos,VAMO3,2026-02-06,4.4,4.58,4.35,4.46,28016300
Vamos,VAMO3,2026-02-09,4.51,4.52,4.32,4.46,18740500
Vamos,VAMO3,2026-02-10,4.4,4.47,4.33,4.38,13827200
Vamos,VAMO3,2026-02-11,4.45,4.64,4.45,4.55,17896400
Vamos,VAMO3,2026-02-12,4.54,4.64,4.4,4.46,15201700
Vamos,VAMO3,2026-02-13,4.37,4.4,4.25,4.37,12174100
Vamos,VAMO3,2026-02-18,4.39,4.42,4.3,4.39,6431200
Vamos,VAMO3,2026-02-19,4.39,4.49,4.37,4.49,8814800
Vamos,VAMO3,2026-02-20,4.41,4.67,4.4,4.67,12360100
Vamos,VAMO3,2026-02-23,4.68,4.71,4.49,4.53,12618100
Vamos,VAMO3,2026-02-24,4.54,4.94,4.53,4.82,18596100
Vamos,VAMO3,2026-02-25,4.88,4.88,4.66,4.7,14671800
Vamos,VAMO3,2026-02-26,4.76,4.81,4.56,4.56,14284800
Vamos,VAMO3,2026-02-27,4.5,4.56,4.4,4.4,15431000
Vamos,VAMO3,2026-03-02,4.32,4.42,4.25,4.37,12750019
Vamos,VAMO3,2026-03-03,4.17,4.17,3.98,4.13,21770801
Vamos,VAMO3,2026-03-04,4.18,4.38,4.18,4.34,16354034
Vamos,VAMO3,2026-03-05,4.33,4.41,4.23,4.26,15362603
Vamos,VAMO3,2026-03-06,3.97,4.03,3.88,3.95,34302812
Vamos,VAMO3,2026-03-09,3.9,3.92,3.68,3.84,27530799
Vamos,VAMO3,2026-03-10,3.94,4.08,3.86,3.96,12019174
Vamos,VAMO3,2026-03-11,3.93,3.98,3.89,3.9,11295300
Vamos,VAMO3,2026-03-12,3.87,3.89,3.67,3.72,23967900
Vamos,VAMO3,2026-03-13,3.78,3.78,3.53,3.53,20065300
Vamos,VAMO3,2026-03-16,3.68,3.71,3.51,3.61,12127400
Vamos,VAMO3,2026-03-17,3.62,3.64,3.5,3.54,14518500
Vamos,VAMO3,2026-03-18,3.51,3.58,3.46,3.48,15396100
Vamos,VAMO3,2026-03-19,3.45,3.47,3.28,3.38,32919400
Vamos,VAMO3,2026-03-20,3.37,3.38,3.18,3.19,15794800
Vamos,VAMO3,2026-03-23,3.32,3.53,3.28,3.5,17563800
Vamos,VAMO3,2026-03-24,3.5,3.57,3.43,3.57,14827800
Vamos,VAMO3,2026-03-25,3.68,3.76,3.64,3.73,19932000
Vamos,VAMO3,2026-03-26,3.63,3.78,3.56,3.75,21696200
Vamos,VAMO3,2026-03-27,3.75,3.8,3.66,3.77,14141100
Vamos,VAMO3,2026-03-30,3.85,3.94,3.62,3.63,16675500
Vamos,VAMO3,2026-03-31,3.73,3.8,3.63,3.72,31806700
Vamos,VAMO3,2026-04-01,3.77,3.89,3.75,3.77,28829200
Vamos,VAMO3,2026-04-02,3.66,3.75,3.53,3.71,11797700
Mills,MILS3,2025-10-02,11.69,11.74,11.54,11.61,976300
Mills,MILS3,2025-10-03,11.59,11.72,11.52,11.7,886100
Mills,MILS3,2025-10-06,11.67,11.72,11.43,11.5,806100
Mills,MILS3,2025-10-07,11.5,11.5,11.31,11.39,1039200
Mills,MILS3,2025-10-08,11.38,11.54,11.31,11.54,904700
Mills,MILS3,2025-10-09,11.61,11.69,11.43,11.67,1727800
Mills,MILS3,2025-10-10,11.71,11.84,11.46,11.58,864700
Mills,MILS3,2025-10-13,11.62,11.77,11.53,11.64,641100
Mills,MILS3,2025-10-14,11.54,11.72,11.54,11.56,833300
Mills,MILS3,2025-10-15,11.56,11.77,11.51,11.59,2227400
Mills,MILS3,2025-10-16,11.59,11.75,11.56,11.59,1273700
Mills,MILS3,2025-10-17,11.47,11.7,11.47,11.66,993200
Mills,MILS3,2025-10-20,11.66,11.78,11.57,11.7,510900
Mills,MILS3,2025-10-21,11.7,11.78,11.63,11.72,479300
Mills,MILS3,2025-10-22,11.72,11.84,11.69,11.8,754800
Mills,MILS3,2025-10-23,11.69,12.0,11.69,11.87,729400
Mills,MILS3,2025-10-24,11.91,12.36,11.91,12.31,1520500
Mills,MILS3,2025-10-27,12.41,12.62,12.41,12.45,1121500
Mills,MILS3,2025-10-28,12.41,12.59,12.3,12.52,1455400
Mills,MILS3,2025-10-29,12.57,12.77,12.56,12.67,869200
Mills,MILS3,2025-10-30,12.61,12.88,12.6,12.78,1104600
Mills,MILS3,2025-10-31,12.85,12.97,12.79,12.85,724700
Mills,MILS3,2025-11-03,12.85,13.2,12.85,13.14,1789500
Mills,MILS3,2025-11-04,12.97,13.28,12.97,13.28,1150300
Mills,MILS3,2025-11-05,13.28,13.44,13.17,13.38,898600
Mills,MILS3,2025-11-06,13.28,13.47,13.18,13.38,1215600
Mills,MILS3,2025-11-07,13.36,13.47,13.29,13.29,647200
Mills,MILS3,2025-11-10,13.26,13.39,13.1,13.18,751200
Mills,MILS3,2025-11-11,13.18,13.51,13.14,13.42,904600
Mills,MILS3,2025-11-12,13.37,13.58,12.83,12.83,2962100
Mills,MILS3,2025-11-13,12.83,13.04,12.21,12.21,1729700
Mills,MILS3,2025-11-14,12.19,12.23,12.02,12.15,2034700
Mills,MILS3,2025-11-17,12.22,12.23,12.0,12.13,1578800
Mills,MILS3,2025-11-18,12.14,12.37,12.1,12.37,746600
Mills,MILS3,2025-11-19,12.41,12.43,12.27,12.43,1120600
Mills,MILS3,2025-11-21,12.5,12.52,12.31,12.52,926000
Mills,MILS3,2025-11-24,12.63,12.69,12.41,12.69,1120700
Mills,MILS3,2025-11-25,12.6,12.82,12.49,12.79,789200
Mills,MILS3,2025-11-26,12.79,13.15,12.72,12.98,983600
Mills,MILS3,2025-11-27,12.98,13.1,12.93,13.0,596400
Mills,MILS3,2025-11-28,12.97,13.5,12.97,13.5,1237300
Mills,MILS3,2025-12-01,13.55,13.56,13.24,13.27,612700
Mills,MILS3,2025-12-02,12.7,12.83,12.5,12.72,22449900
Mills,MILS3,2025-12-03,12.83,13.04,12.67,12.69,3548200
Mills,MILS3,2025-12-04,12.8,13.1,12.74,13.04,2918000
Mills,MILS3,2025-12-05,13.12,13.12,12.42,12.5,2773500
Mills,MILS3,2025-12-08,12.54,12.72,12.45,12.55,1629400
Mills,MILS3,2025-12-09,12.55,12.75,12.29,12.51,1352300
Mills,MILS3,2025-12-10,12.55,12.86,12.53,12.77,1416300
Mills,MILS3,2025-12-11,12.84,13.03,12.75,12.93,713900
Mills,MILS3,2025-12-12,12.95,13.34,12.95,13.21,1056600
Mills,MILS3,2025-12-15,13.21,13.7,13.21,13.6,1146000
Mills,MILS3,2025-12-16,13.59,13.59,13.22,13.44,995000
Mills,MILS3,2025-12-17,13.46,13.49,13.1,13.25,971200
Mills,MILS3,2025-12-18,13.25,13.48,13.25,13.36,698800
Mills,MILS3,2025-12-19,13.49,13.61,13.25,13.26,1134900
Mills,MILS3,2025-12-22,13.35,13.41,13.21,13.3,478900
Mills,MILS3,2025-12-23,13.3,13.93,13.24,13.85,1069300
Mills,MILS3,2025-12-26,13.9,13.9,13.72,13.83,506300
Mills,MILS3,2025-12-29,13.89,14.08,13.8,13.96,595900
Mills,MILS3,2025-12-30,14.09,14.22,14.0,14.0,952500
Mills,MILS3,2026-01-02,14.07,14.3,13.95,14.0,906000
Mills,MILS3,2026-01-05,13.95,14.38,13.93,14.22,616100
Mills,MILS3,2026-01-06,14.23,14.4,14.22,14.36,745600
Mills,MILS3,2026-01-07,14.33,14.44,14.28,14.35,644500
Mills,MILS3,2026-01-08,14.33,14.49,14.07,14.18,884200
Mills,MILS3,2026-01-09,14.19,14.35,14.09,14.17,765100
Mills,MILS3,2026-01-12,14.17,14.17,13.88,14.04,971000
Mills,MILS3,2026-01-13,14.04,14.1,13.81,13.96,777500
Mills,MILS3,2026-01-14,14.04,14.22,14.0,14.17,594800
Mills,MILS3,2026-01-15,14.3,14.4,13.9,13.99,786100
Mills,MILS3,2026-01-16,14.04,14.06,13.72,13.86,536500
Mills,MILS3,2026-01-19,13.87,13.93,13.78,13.8,326500
Mills,MILS3,2026-01-20,13.78,13.86,13.64,13.82,709600
Mills,MILS3,2026-01-21,13.88,14.3,13.86,14.22,1040800
Mills,MILS3,2026-01-22,14.14,14.65,14.14,14.44,1105100
Mills,MILS3,2026-01-23,14.44,14.91,14.41,14.69,773800
Mills,MILS3,2026-01-26,14.89,15.02,14.5,15.02,776800
Mills,MILS3,2026-01-27,15.02,15.58,15.02,15.31,741300
Mills,MILS3,2026-01-28,15.47,15.64,15.39,15.6,525700
Mills,MILS3,2026-01-29,15.6,15.8,15.29,15.51,709900
Mills,MILS3,2026-01-30,15.51,15.54,15.33,15.5,623100
Mills,MILS3,2026-02-02,15.5,15.76,15.48,15.53,1061800
Mills,MILS3,2026-02-03,15.62,15.96,15.51,15.56,985800
Mills,MILS3,2026-02-04,15.67,15.67,14.97,15.2,892300
Mills,MILS3,2026-02-05,15.12,15.33,14.92,15.03,695700
Mills,MILS3,2026-02-06,15.03,15.17,14.87,15.06,451800
Mills,MILS3,2026-02-09,15.16,15.28,15.08,15.21,547400
Mills,MILS3,2026-02-10,15.29,15.32,15.08,15.19,447600
Mills,MILS3,2026-02-11,15.17,15.46,15.14,15.35,1133800
Mills,MILS3,2026-02-12,15.27,15.35,15.04,15.2,880400
Mills,MILS3,2026-02-13,15.13,15.14,14.83,15.06,729400
Mills,MILS3,2026-02-18,15.06,15.27,15.06,15.15,261200
Mills,MILS3,2026-02-19,15.18,15.24,14.92,15.18,2581200
Mills,MILS3,2026-02-20,15.08,15.31,14.92,15.31,829400
Mills,MILS3,2026-02-23,15.47,15.47,15.08,15.33,1239300
Mills,MILS3,2026-02-24,15.4,15.64,15.26,15.64,1497300
Mills,MILS3,2026-02-25,15.68,15.72,15.2,15.26,810300
Mills,MILS3,2026-02-26,15.29,15.39,15.01,15.22,574400
Mills,MILS3,2026-02-27,15.18,15.27,15.03,15.1,665300
Mills,MILS3,2026-03-02,15.08,15.23,14.74,15.15,963800
Mills,MILS3,2026-03-03,14.99,15.02,14.59,14.87,931300
Mills,MILS3,2026-03-04,14.86,15.16,14.86,15.09,569800
Mills,MILS3,2026-03-05,15.01,15.1,14.78,14.9,483500
Mills,MILS3,2026-03-06,14.8,14.87,14.3,14.39,856700
Mills,MILS3,2026-03-09,14.35,14.75,14.23,14.65,610200
Mills,MILS3,2026-03-10,14.76,15.19,14.67,14.98,619300
Mills,MILS3,2026-03-11,14.97,15.15,14.81,14.9,386400
Mills,MILS3,2026-03-12,14.77,14.81,14.08,14.19,783000
Mills,MILS3,2026-03-13,14.29,14.43,13.87,13.96,354800
Mills,MILS3,2026-03-16,14.08,14.25,13.99,14.06,416000
Mills,MILS3,2026-03-17,14.15,14.25,13.87,14.08,747900
Mills,MILS3,2026-03-18,14.07,14.07,13.74,13.82,468100
Mills,MILS3,2026-03-19,13.87,13.9,13.43,13.75,874800
Mills,MILS3,2026-03-20,13.57,13.77,13.29,13.29,3682400
Mills,MILS3,2026-03-23,13.36,13.9,13.36,13.84,898100
Mills,MILS3,2026-03-24,13.82,13.85,13.62,13.83,510200
Mills,MILS3,2026-03-25,13.91,14.05,13.81,13.87,649300
Mills,MILS3,2026-03-26,13.8,13.8,13.42,13.58,502100
Mills,MILS3,2026-03-27,13.48,13.57,13.31,13.33,600300
Mills,MILS3,2026-03-30,13.4,13.56,13.31,13.46,930200
Mills,MILS3,2026-03-31,13.53,13.85,13.37,13.83,3558500
Mills,MILS3,2026-04-01,13.9,14.03,13.8,13.94,1736200
Mills,MILS3,2026-04-02,13.96,13.96,13.65,13.88,439900
Armac,ARML3,2025-10-02,3.27,3.28,3.01,3.06,1773500
Armac,ARML3,2025-10-03,3.11,3.13,3.02,3.11,520100
Armac,ARML3,2025-10-06,3.14,3.16,3.01,3.03,634300
Armac,ARML3,2025-10-07,3.06,3.06,2.85,2.88,1129300
Armac,ARML3,2025-10-08,2.88,2.9,2.8,2.87,731500
Armac,ARML3,2025-10-09,2.88,2.9,2.77,2.81,680400
Armac,ARML3,2025-10-10,2.84,2.84,2.68,2.72,874700
Armac,ARML3,2025-10-13,2.76,2.79,2.71,2.75,781500
Armac,ARML3,2025-10-14,2.74,2.79,2.69,2.71,773400
Armac,ARML3,2025-10-15,2.74,2.78,2.7,2.71,3006000
Armac,ARML3,2025-10-16,2.72,2.79,2.63,2.74,1362700
Armac,ARML3,2025-10-17,2.73,2.84,2.7,2.81,1273700
Armac,ARML3,2025-10-20,2.83,2.99,2.77,2.91,1061500
Armac,ARML3,2025-10-21,2.83,2.99,2.77,2.9,798900
Armac,ARML3,2025-10-22,2.89,2.95,2.87,2.95,666100
Armac,ARML3,2025-10-23,2.96,3.09,2.96,3.05,965200
Armac,ARML3,2025-10-24,3.07,3.21,3.07,3.13,1237200
Armac,ARML3,2025-10-27,3.16,3.25,3.15,3.21,1133600
Armac,ARML3,2025-10-28,3.19,3.19,3.05,3.17,1830000
Armac,ARML3,2025-10-29,3.14,3.22,3.06,3.14,1335200
Armac,ARML3,2025-10-30,3.15,3.25,3.08,3.23,1314000
Armac,ARML3,2025-10-31,3.2,3.42,3.2,3.42,1326100
Armac,ARML3,2025-11-03,3.42,3.57,3.4,3.49,1988600
Armac,ARML3,2025-11-04,3.43,3.51,3.34,3.51,1542400
Armac,ARML3,2025-11-05,3.51,3.56,3.44,3.51,1869500
Armac,ARML3,2025-11-06,3.54,3.54,3.37,3.45,891800
Armac,ARML3,2025-11-07,3.45,3.45,3.31,3.42,491800
Armac,ARML3,2025-11-10,3.4,3.5,3.31,3.49,1007500
Armac,ARML3,2025-11-11,3.46,3.83,3.46,3.74,5338000
Armac,ARML3,2025-11-12,3.78,4.15,3.78,4.1,3848700
Armac,ARML3,2025-11-13,4.17,4.17,3.87,4.01,1591900
Armac,ARML3,2025-11-14,3.99,4.17,3.96,4.08,855900
Armac,ARML3,2025-11-17,4.08,4.08,3.82,3.89,1023800
Armac,ARML3,2025-11-18,3.84,3.89,3.76,3.88,842400
Armac,ARML3,2025-11-19,3.88,3.93,3.84,3.89,621000
Armac,ARML3,2025-11-21,3.91,3.91,3.62,3.74,1587300
Armac,ARML3,2025-11-24,3.7,3.77,3.66,3.69,908600
Armac,ARML3,2025-11-25,3.66,3.75,3.65,3.68,854000
Armac,ARML3,2025-11-26,3.68,3.84,3.66,3.78,1073900
Armac,ARML3,2025-11-27,3.85,4.06,3.78,3.91,1990300
Armac,ARML3,2025-11-28,3.96,4.4,3.96,4.28,1855700
Armac,ARML3,2025-12-01,4.28,4.38,4.18,4.33,1190400
Armac,ARML3,2025-12-02,4.37,4.46,4.28,4.46,1532900
Armac,ARML3,2025-12-03,4.45,4.62,4.45,4.54,1503200
Armac,ARML3,2025-12-04,4.6,4.64,4.49,4.5,606100
Armac,ARML3,2025-12-05,4.48,4.56,4.13,4.23,1383000
Armac,ARML3,2025-12-08,4.18,4.32,4.15,4.23,471500
Armac,ARML3,2025-12-09,4.22,4.23,4.01,4.14,610200
Armac,ARML3,2025-12-10,4.13,4.17,4.04,4.11,600100
Armac,ARML3,2025-12-11,4.16,4.22,4.08,4.14,490200
Armac,ARML3,2025-12-12,4.16,4.25,4.07,4.17,631600
Armac,ARML3,2025-12-15,4.15,4.37,4.15,4.28,653500
Armac,ARML3,2025-12-16,4.26,4.47,3.94,4.03,1993600
Armac,ARML3,2025-12-17,4.04,4.14,3.82,4.02,1012900
Armac,ARML3,2025-12-18,4.07,4.07,3.92,3.92,589900
Armac,ARML3,2025-12-19,3.91,4.05,3.91,3.92,619400
Armac,ARML3,2025-12-22,3.96,3.97,3.77,3.8,308500
Armac,ARML3,2025-12-23,3.81,3.94,3.8,3.87,330700
Armac,ARML3,2025-12-26,3.87,3.88,3.72,3.87,872500
Armac,ARML3,2025-12-29,4.18,4.26,4.08,4.11,1288300
Armac,ARML3,2025-12-30,4.16,4.23,4.08,4.08,482500
Armac,ARML3,2026-01-02,4.13,4.2,4.08,4.18,642900
Armac,ARML3,2026-01-05,4.19,4.36,4.14,4.23,816400
Armac,ARML3,2026-01-06,4.24,4.4,4.21,4.3,804500
Armac,ARML3,2026-01-07,4.28,4.33,4.19,4.25,708400
Armac,ARML3,2026-01-08,4.25,4.26,4.08,4.18,1069300
Armac,ARML3,2026-01-09,4.17,4.39,4.17,4.2,1040100
Armac,ARML3,2026-01-12,4.2,4.2,4.09,4.18,546200
Armac,ARML3,2026-01-13,4.1,4.19,4.06,4.16,368400
Armac,ARML3,2026-01-14,4.15,4.25,4.11,4.22,447500
Armac,ARML3,2026-01-15,4.25,4.45,4.24,4.33,641700
Armac,ARML3,2026-01-16,4.33,4.35,4.14,4.2,668400
Armac,ARML3,2026-01-19,4.2,4.21,4.0,4.04,432700
Armac,ARML3,2026-01-20,4.05,4.27,3.98,4.23,589500
Armac,ARML3,2026-01-21,4.24,4.4,4.22,4.33,748800
Armac,ARML3,2026-01-22,4.38,4.49,4.32,4.41,737700
Armac,ARML3,2026-01-23,4.41,4.55,4.34,4.5,527400
Armac,ARML3,2026-01-26,4.5,4.54,4.39,4.54,362000
Armac,ARML3,2026-01-27,4.55,4.59,4.52,4.53,695100
Armac,ARML3,2026-01-28,4.52,4.7,4.52,4.7,463200
Armac,ARML3,2026-01-29,4.7,4.92,4.65,4.8,761500
Armac,ARML3,2026-01-30,4.82,4.9,4.69,4.79,744200
Armac,ARML3,2026-02-02,4.81,4.89,4.64,4.71,711000
Armac,ARML3,2026-02-03,4.72,4.89,4.72,4.84,1099000
Armac,ARML3,2026-02-04,4.8,4.8,4.51,4.57,1638400
Armac,ARML3,2026-02-05,4.58,4.64,4.47,4.54,1072800
Armac,ARML3,2026-02-06,4.48,4.88,4.48,4.76,1833700
Armac,ARML3,2026-02-09,4.85,4.89,4.73,4.85,417800
Armac,ARML3,2026-02-10,4.85,5.04,4.7,4.87,1178200
Armac,ARML3,2026-02-11,4.99,5.17,4.87,5.07,1212900
Armac,ARML3,2026-02-12,5.07,5.11,4.92,5.07,860600
Armac,ARML3,2026-02-13,4.95,5.51,4.9,5.4,1450800
Armac,ARML3,2026-02-18,5.4,5.66,5.33,5.45,682700
Armac,ARML3,2026-02-19,5.45,5.6,5.3,5.57,722200
Armac,ARML3,2026-02-20,5.54,5.7,5.41,5.65,1150900
Armac,ARML3,2026-02-23,5.69,5.69,5.47,5.68,866400
Armac,ARML3,2026-02-24,5.7,6.18,5.7,6.11,1538400
Armac,ARML3,2026-02-25,6.15,6.3,6.03,6.17,1138300
Armac,ARML3,2026-02-26,6.22,6.22,5.88,6.02,888000
Armac,ARML3,2026-02-27,5.97,6.06,5.82,5.9,922000
Armac,ARML3,2026-03-02,5.85,6.06,5.65,6.06,914400
Armac,ARML3,2026-03-03,5.93,5.99,5.67,5.7,1100500
Armac,ARML3,2026-03-04,5.79,5.93,5.74,5.8,580500
Armac,ARML3,2026-03-05,5.76,5.86,5.46,5.49,719400
Armac,ARML3,2026-03-06,5.51,5.54,4.9,4.9,1111000
Armac,ARML3,2026-03-09,4.84,5.0,4.7,4.95,1636300
Armac,ARML3,2026-03-10,4.95,5.3,4.95,5.19,1505800
Armac,ARML3,2026-03-11,5.2,5.28,5.05,5.12,408100
Armac,ARML3,2026-03-12,5.06,5.11,4.75,4.75,779400
Armac,ARML3,2026-03-13,4.8,4.85,4.61,4.7,524900
Armac,ARML3,2026-03-16,4.74,5.08,4.74,4.96,715100
Armac,ARML3,2026-03-17,4.97,5.18,4.86,4.86,561300
Armac,ARML3,2026-03-18,4.9,5.04,4.8,4.8,830900
Armac,ARML3,2026-03-19,4.8,4.85,4.53,4.79,909600
Armac,ARML3,2026-03-20,4.72,4.74,4.44,4.44,1054400
Armac,ARML3,2026-03-23,4.5,5.16,4.5,5.16,1486200
Armac,ARML3,2026-03-24,5.09,5.25,4.97,5.05,740200
Armac,ARML3,2026-03-25,5.1,5.35,5.07,5.24,795500
Armac,ARML3,2026-03-26,5.15,5.29,5.08,5.26,1036800
Armac,ARML3,2026-03-27,5.27,5.27,4.98,4.98,817000
Armac,ARML3,2026-03-30,5.03,5.1,4.82,4.85,596900
Armac,ARML3,2026-03-31,4.93,5.24,4.64,4.92,1762100
Armac,ARML3,2026-04-01,4.94,5.5,4.9,5.48,1480100
Armac,ARML3,2026-04-02,5.27,5.5,5.15,5.49,590700
BTG,BPAC11,2025-10-02,47.22,47.44,46.25,46.66,4768900
BTG,BPAC11,2025-10-03,46.57,47.35,46.49,47.22,4618000
BTG,BPAC11,2025-10-06,47.33,47.4,46.31,47.05,4015200
BTG,BPAC11,2025-10-07,46.74,46.96,45.11,45.48,16249000
BTG,BPAC11,2025-10-08,45.58,47.06,45.58,46.86,9710500
BTG,BPAC11,2025-10-09,47.27,47.68,46.74,46.83,6340900
BTG,BPAC11,2025-10-10,47.08,47.43,46.1,46.57,8014700
BTG,BPAC11,2025-10-13,47.16,47.16,46.65,46.73,3143100
BTG,BPAC11,2025-10-14,46.65,46.68,45.44,45.83,10120900
BTG,BPAC11,2025-10-15,45.47,47.77,45.28,46.85,24915000
BTG,BPAC11,2025-10-16,46.44,46.88,45.08,45.21,13862700
BTG,BPAC11,2025-10-17,44.99,45.87,44.57,45.81,7795300
BTG,BPAC11,2025-10-20,46.11,46.42,45.66,46.11,5951900
BTG,BPAC11,2025-10-21,45.83,46.72,45.58,46.31,5120200
BTG,BPAC11,2025-10-22,46.77,47.05,46.42,46.72,6351400
BTG,BPAC11,2025-10-23,46.82,47.12,46.39,46.7,6050900
BTG,BPAC11,2025-10-24,47.07,47.54,46.85,47.07,4187800
BTG,BPAC11,2025-10-27,47.81,47.82,47.1,47.18,5240600
BTG,BPAC11,2025-10-28,47.18,47.52,46.95,47.37,4268400
BTG,BPAC11,2025-10-29,47.56,48.98,47.56,48.96,11214000
BTG,BPAC11,2025-10-30,48.48,49.49,48.23,48.52,12866200
BTG,BPAC11,2025-10-31,48.9,49.11,48.18,48.23,7662800
BTG,BPAC11,2025-11-03,48.8,48.8,47.67,47.91,5588700
BTG,BPAC11,2025-11-04,47.8,48.5,47.58,48.44,6048900
BTG,BPAC11,2025-11-05,48.44,49.93,48.37,49.78,9600800
BTG,BPAC11,2025-11-06,49.64,50.35,49.42,49.61,5821100
BTG,BPAC11,2025-11-07,49.39,49.97,49.29,49.97,6100800
BTG,BPAC11,2025-11-10,50.31,51.43,50.17,50.59,10668100
BTG,BPAC11,2025-11-11,51.98,53.03,50.78,51.76,18905300
BTG,BPAC11,2025-11-12,51.81,53.14,51.49,53.02,14058900
BTG,BPAC11,2025-11-13,52.9,54.03,52.76,53.34,17188900
BTG,BPAC11,2025-11-14,53.26,53.48,52.35,52.74,10473800
BTG,BPAC11,2025-11-17,52.96,52.99,52.0,52.33,14274000
BTG,BPAC11,2025-11-18,51.68,52.28,51.57,51.75,6671900
BTG,BPAC11,2025-11-19,51.43,51.62,50.96,51.48,7483600
BTG,BPAC11,2025-11-21,50.97,51.25,49.98,50.59,7939700
BTG,BPAC11,2025-11-24,50.67,51.04,50.23,50.57,9202500
BTG,BPAC11,2025-11-25,50.67,51.32,49.94,51.14,5878200
BTG,BPAC11,2025-11-26,51.42,52.24,51.02,52.03,7409000
BTG,BPAC11,2025-11-27,51.92,52.43,51.8,52.02,2457800
BTG,BPAC11,2025-11-28,52.36,53.62,52.36,53.34,6504800
BTG,BPAC11,2025-12-01,53.39,53.6,52.77,53.02,3445200
BTG,BPAC11,2025-12-02,53.34,54.51,53.22,54.51,5700500
BTG,BPAC11,2025-12-03,54.72,55.46,54.4,55.4,8799600
BTG,BPAC11,2025-12-04,55.97,56.61,55.53,56.23,10489900
BTG,BPAC11,2025-12-05,56.18,56.29,51.56,51.78,15402400
BTG,BPAC11,2025-12-08,52.53,52.59,51.03,52.29,10922400
BTG,BPAC11,2025-12-09,51.89,52.05,50.6,51.56,15113500
BTG,BPAC11,2025-12-10,51.64,52.93,51.57,52.78,10755900
BTG,BPAC11,2025-12-11,52.78,54.56,52.55,54.11,9599300
BTG,BPAC11,2025-12-12,54.1,55.32,54.02,54.62,7252300
BTG,BPAC11,2025-12-15,55.12,56.31,55.01,55.77,6660700
BTG,BPAC11,2025-12-16,54.92,54.92,52.86,52.86,10155500
BTG,BPAC11,2025-12-17,52.36,52.54,50.37,51.12,14692300
BTG,BPAC11,2025-12-18,51.12,52.39,50.81,52.12,9506600
BTG,BPAC11,2025-12-19,52.09,53.07,51.72,52.11,7955000
BTG,BPAC11,2025-12-22,51.87,52.22,51.04,51.41,4724200
BTG,BPAC11,2025-12-23,51.56,53.05,51.56,52.71,3988600
BTG,BPAC11,2025-12-26,52.3,52.7,51.88,52.3,2571800
BTG,BPAC11,2025-12-29,52.25,52.48,51.62,52.29,4830000
BTG,BPAC11,2025-12-30,52.55,53.17,52.53,52.58,4172300
BTG,BPAC11,2026-01-02,53.17,53.42,52.12,52.19,3901500
BTG,BPAC11,2026-01-05,52.23,54.26,52.0,53.6,5441900
BTG,BPAC11,2026-01-06,53.98,54.97,53.98,54.31,4560900
BTG,BPAC11,2026-01-07,53.91,54.25,52.53,53.25,4471400
BTG,BPAC11,2026-01-08,53.07,54.49,53.0,54.4,6647300
BTG,BPAC11,2026-01-09,54.4,55.69,54.29,54.72,5274500
BTG,BPAC11,2026-01-12,54.4,54.56,53.76,54.07,4598600
BTG,BPAC11,2026-01-13,53.69,54.31,52.77,53.39,7179100
BTG,BPAC11,2026-01-14,53.74,54.68,53.25,54.5,7456700
BTG,BPAC11,2026-01-15,54.85,55.22,54.26,55.08,7038100
BTG,BPAC11,2026-01-16,55.08,55.27,54.0,54.4,5636300
BTG,BPAC11,2026-01-19,54.25,54.92,54.25,54.82,2129900
BTG,BPAC11,2026-01-20,54.97,55.36,54.08,55.1,5683800
BTG,BPAC11,2026-01-21,55.85,57.99,55.47,57.73,11414100
BTG,BPAC11,2026-01-22,57.99,60.14,57.64,58.31,16209600
BTG,BPAC11,2026-01-23,58.34,60.26,58.32,59.09,11815900
BTG,BPAC11,2026-01-26,59.48,60.63,58.89,60.23,11168400
BTG,BPAC11,2026-01-27,61.08,62.14,60.68,61.7,11595100
BTG,BPAC11,2026-01-28,62.09,62.79,61.07,62.22,7986400
BTG,BPAC11,2026-01-29,62.75,62.75,59.87,60.97,20184000
BTG,BPAC11,2026-01-30,61.0,61.13,59.36,59.95,7466500
BTG,BPAC11,2026-02-02,60.83,61.49,60.22,61.12,11794800
BTG,BPAC11,2026-02-03,62.14,62.99,60.96,61.22,11319800
BTG,BPAC11,2026-02-04,60.75,60.93,57.61,58.2,14129300
BTG,BPAC11,2026-02-05,58.6,59.47,58.08,58.98,15395500
BTG,BPAC11,2026-02-06,59.05,60.74,59.02,60.27,8950000
BTG,BPAC11,2026-02-09,59.86,60.27,58.54,60.2,19528000
BTG,BPAC11,2026-02-10,60.18,61.12,58.13,58.94,11375400
BTG,BPAC11,2026-02-11,59.19,60.08,58.7,59.21,15363700
BTG,BPAC11,2026-02-12,58.89,59.46,58.26,58.5,10400400
BTG,BPAC11,2026-02-13,58.13,59.59,57.36,59.59,13019500
BTG,BPAC11,2026-02-18,60.2,61.15,59.6,60.32,7790400
BTG,BPAC11,2026-02-19,60.39,61.85,60.39,61.85,7157700
BTG,BPAC11,2026-02-20,60.99,62.42,60.87,62.18,5465400
BTG,BPAC11,2026-02-23,62.19,62.34,60.37,60.61,6658000
BTG,BPAC11,2026-02-24,60.99,61.26,60.03,61.15,8188300
BTG,BPAC11,2026-02-25,61.5,61.84,60.5,61.8,8997900
BTG,BPAC11,2026-02-26,61.95,62.64,61.25,62.04,11718500
BTG,BPAC11,2026-02-27,61.89,62.25,60.8,61.26,10421600
BTG,BPAC11,2026-03-02,60.57,61.69,59.27,61.09,7548900
BTG,BPAC11,2026-03-03,58.47,59.0,55.91,57.51,21363700
BTG,BPAC11,2026-03-04,58.57,60.68,58.57,59.89,12691800
BTG,BPAC11,2026-03-05,59.5,59.96,57.0,57.15,12883000
BTG,BPAC11,2026-03-06,57.09,57.37,55.53,56.0,9962200
BTG,BPAC11,2026-03-09,55.2,57.11,54.91,56.7,12474600
BTG,BPAC11,2026-03-10,57.3,59.92,56.75,57.92,10675500
BTG,BPAC11,2026-03-11,57.73,59.05,57.33,58.22,4985700
BTG,BPAC11,2026-03-12,57.0,57.5,55.64,56.1,11722700
BTG,BPAC11,2026-03-13,56.5,56.85,54.74,55.11,7846700
BTG,BPAC11,2026-03-16,56.24,56.73,55.42,55.9,4283300
BTG,BPAC11,2026-03-17,55.73,57.3,55.55,56.1,7097900
BTG,BPAC11,2026-03-18,55.66,56.78,55.4,55.42,10772900
BTG,BPAC11,2026-03-19,54.06,55.6,53.5,55.11,11706900
BTG,BPAC11,2026-03-20,54.42,54.58,51.82,52.74,18114700
BTG,BPAC11,2026-03-23,54.2,56.45,54.2,55.23,12812700
BTG,BPAC11,2026-03-24,54.85,55.74,53.92,55.63,6165400
BTG,BPAC11,2026-03-25,56.77,57.89,56.29,56.68,10106000
BTG,BPAC11,2026-03-26,55.54,56.5,54.8,55.2,5861800
BTG,BPAC11,2026-03-27,54.77,54.78,53.13,53.53,14128200
BTG,BPAC11,2026-03-30,54.44,54.6,52.86,53.4,10362400
BTG,BPAC11,2026-03-31,54.54,56.6,54.43,56.29,12745600
BTG,BPAC11,2026-04-01,56.66,58.76,56.63,57.6,9892000
BTG,BPAC11,2026-04-02,55.53,57.84,55.35,57.45,2943500
Unipar,UNIP6,2025-10-02,64.89,66.14,64.7,65.77,174900
Unipar,UNIP6,2025-10-03,65.88,66.9,65.6,66.9,196400
Unipar,UNIP6,2025-10-06,66.87,67.13,64.82,66.97,143700
Unipar,UNIP6,2025-10-07,66.98,68.76,66.4,68.76,242600
Unipar,UNIP6,2025-10-08,68.73,72.17,68.58,71.18,409500
Unipar,UNIP6,2025-10-09,71.18,72.7,70.38,70.38,225600
Unipar,UNIP6,2025-10-10,70.38,71.55,69.19,70.53,328900
Unipar,UNIP6,2025-10-13,70.53,70.86,67.05,67.06,530400
Unipar,UNIP6,2025-10-14,66.59,68.29,65.7,66.72,257400
Unipar,UNIP6,2025-10-15,67.03,67.77,66.47,66.92,197400
Unipar,UNIP6,2025-10-16,66.6,66.7,64.8,65.71,252100
Unipar,UNIP6,2025-10-17,65.3,66.15,64.62,65.89,78200
Unipar,UNIP6,2025-10-20,65.88,66.07,63.32,64.14,203000
Unipar,UNIP6,2025-10-21,63.78,65.02,63.59,64.13,112400
Unipar,UNIP6,2025-10-22,64.22,64.77,63.51,63.95,127400
Unipar,UNIP6,2025-10-23,63.94,65.19,63.81,64.79,168300
Unipar,UNIP6,2025-10-24,64.79,65.06,64.19,64.72,114300
Unipar,UNIP6,2025-10-27,65.04,65.62,64.36,65.24,268500
Unipar,UNIP6,2025-10-28,65.24,65.51,64.21,65.02,193300
Unipar,UNIP6,2025-10-29,65.02,65.15,63.55,63.77,153800
Unipar,UNIP6,2025-10-30,63.45,64.61,63.36,63.9,151200
Unipar,UNIP6,2025-10-31,63.65,64.55,63.64,63.9,309400
Unipar,UNIP6,2025-11-03,63.89,63.89,61.08,62.09,356900
Unipar,UNIP6,2025-11-04,61.92,62.94,61.23,62.36,171400
Unipar,UNIP6,2025-11-05,62.36,63.18,60.62,60.65,338400
Unipar,UNIP6,2025-11-06,60.65,61.25,59.37,59.37,241900
Unipar,UNIP6,2025-11-07,59.31,60.57,59.12,59.34,157800
Unipar,UNIP6,2025-11-10,59.31,59.75,58.5,58.5,169500
Unipar,UNIP6,2025-11-11,58.83,60.16,58.83,59.18,191400
Unipar,UNIP6,2025-11-12,59.21,59.94,58.64,58.64,132600
Unipar,UNIP6,2025-11-13,58.65,59.81,58.65,59.4,141600
Unipar,UNIP6,2025-11-14,58.95,59.22,57.12,57.7,271200
Unipar,UNIP6,2025-11-17,57.6,58.25,56.22,56.8,206700
Unipar,UNIP6,2025-11-18,56.78,56.78,55.26,55.75,286900
Unipar,UNIP6,2025-11-19,55.75,55.97,54.55,54.81,268700
Unipar,UNIP6,2025-11-21,54.73,54.9,53.08,53.64,364600
Unipar,UNIP6,2025-11-24,53.9,55.78,53.56,54.38,396300
Unipar,UNIP6,2025-11-25,54.45,55.13,52.99,53.05,224900
Unipar,UNIP6,2025-11-26,52.92,54.22,52.92,53.51,196100
Unipar,UNIP6,2025-11-27,53.51,55.64,53.51,54.08,275500
Unipar,UNIP6,2025-11-28,54.14,56.29,54.14,54.44,397500
Unipar,UNIP6,2025-12-01,54.46,55.18,52.99,53.71,358000
Unipar,UNIP6,2025-12-02,53.71,55.15,53.71,54.09,278700
Unipar,UNIP6,2025-12-03,59.72,61.1,57.78,58.41,1494600
Unipar,UNIP6,2025-12-04,59.31,59.84,57.92,58.95,873200
Unipar,UNIP6,2025-12-05,59.37,60.3,58.1,58.32,921200
Unipar,UNIP6,2025-12-08,57.95,58.15,55.84,56.7,670300
Unipar,UNIP6,2025-12-09,56.29,57.49,55.23,56.16,357300
Unipar,UNIP6,2025-12-10,56.2,58.04,56.2,57.98,219800
Unipar,UNIP6,2025-12-11,57.98,58.57,57.47,57.66,226200
Unipar,UNIP6,2025-12-12,58.0,58.2,56.54,56.54,331300
Unipar,UNIP6,2025-12-15,56.87,57.43,56.64,56.9,321000
Unipar,UNIP6,2025-12-16,57.1,57.91,56.81,57.3,450000
Unipar,UNIP6,2025-12-17,57.84,57.84,56.67,57.0,285000
Unipar,UNIP6,2025-12-18,57.11,57.51,55.75,55.94,384200
Unipar,UNIP6,2025-12-19,55.98,57.16,55.85,57.09,326600
Unipar,UNIP6,2025-12-22,57.91,58.14,56.75,58.14,165300
Unipar,UNIP6,2025-12-23,58.15,59.29,58.15,58.87,203500
Unipar,UNIP6,2025-12-26,59.5,59.86,58.8,59.48,146100
Unipar,UNIP6,2025-12-29,59.66,59.98,59.04,59.2,133800
Unipar,UNIP6,2025-12-30,59.94,59.94,57.87,57.93,260400
Unipar,UNIP6,2026-01-02,58.01,58.56,57.19,58.19,219000
Unipar,UNIP6,2026-01-05,58.7,59.59,57.72,59.21,245000
Unipar,UNIP6,2026-01-06,59.6,62.0,59.22,60.91,289400
Unipar,UNIP6,2026-01-07,61.18,61.41,60.04,60.04,246500
Unipar,UNIP6,2026-01-08,60.65,61.11,59.54,59.76,256800
Unipar,UNIP6,2026-01-09,59.85,60.17,58.42,58.69,214200
Unipar,UNIP6,2026-01-12,59.15,59.25,58.46,58.9,135900
Unipar,UNIP6,2026-01-13,58.95,59.43,58.43,59.3,231300
Unipar,UNIP6,2026-01-14,59.23,61.41,59.18,61.15,278600
Unipar,UNIP6,2026-01-15,61.23,62.11,60.6,60.81,195400
Unipar,UNIP6,2026-01-16,61.03,61.25,59.65,60.39,191300
Unipar,UNIP6,2026-01-19,60.38,60.9,60.09,60.57,85200
Unipar,UNIP6,2026-01-20,60.14,60.14,56.68,57.17,682100
Unipar,UNIP6,2026-01-21,57.23,58.71,57.23,58.27,314900
Unipar,UNIP6,2026-01-22,58.27,59.76,58.27,58.88,274100
Unipar,UNIP6,2026-01-23,58.87,61.77,58.81,61.64,283600
Unipar,UNIP6,2026-01-26,62.09,62.11,60.03,60.63,201300
Unipar,UNIP6,2026-01-27,60.64,63.16,60.64,63.16,566900
Unipar,UNIP6,2026-01-28,63.31,64.35,62.47,62.86,335400
Unipar,UNIP6,2026-01-29,62.9,63.6,61.65,62.14,207000
Unipar,UNIP6,2026-01-30,62.0,63.74,61.81,62.87,244800
Unipar,UNIP6,2026-02-02,62.88,63.97,62.87,63.73,162100
Unipar,UNIP6,2026-02-03,64.0,65.73,63.73,65.73,299600
Unipar,UNIP6,2026-02-04,65.73,65.73,62.95,63.37,237200
Unipar,UNIP6,2026-02-05,63.5,64.95,63.4,63.79,199000
Unipar,UNIP6,2026-02-06,64.99,64.99,63.99,64.16,121100
Unipar,UNIP6,2026-02-09,65.0,65.44,63.99,64.45,278600
Unipar,UNIP6,2026-02-10,64.45,65.8,64.45,65.4,138400
Unipar,UNIP6,2026-02-11,65.41,67.24,65.4,67.16,210800
Unipar,UNIP6,2026-02-12,67.38,67.39,65.54,66.06,171900
Unipar,UNIP6,2026-02-13,66.08,66.64,65.25,66.64,172900
Unipar,UNIP6,2026-02-18,66.99,68.94,66.88,68.5,265000
Unipar,UNIP6,2026-02-19,67.75,69.93,67.75,69.91,269700
Unipar,UNIP6,2026-02-20,69.91,70.09,68.04,69.33,311700
Unipar,UNIP6,2026-02-23,68.21,69.82,68.21,69.35,338200
Unipar,UNIP6,2026-02-24,69.51,72.22,69.21,71.0,307900
Unipar,UNIP6,2026-02-25,71.25,72.08,69.9,71.62,220600
Unipar,UNIP6,2026-02-26,71.58,72.22,69.04,70.97,630500
Unipar,UNIP6,2026-02-27,71.0,71.99,69.53,70.5,542100
Unipar,UNIP6,2026-03-02,69.92,70.49,66.53,68.83,913300
Unipar,UNIP6,2026-03-03,67.0,68.88,67.0,67.69,266000
Unipar,UNIP6,2026-03-04,67.68,70.24,67.51,69.76,598000
Unipar,UNIP6,2026-03-05,69.02,70.18,67.95,69.3,638200
Unipar,UNIP6,2026-03-06,69.52,70.14,68.6,69.03,320800
Unipar,UNIP6,2026-03-09,68.66,70.8,68.21,70.05,639500
Unipar,UNIP6,2026-03-10,70.06,70.5,68.05,69.11,829400
Unipar,UNIP6,2026-03-11,69.03,69.8,67.5,67.5,254500
Unipar,UNIP6,2026-03-12,67.3,68.39,67.24,67.65,392700
Unipar,UNIP6,2026-03-13,67.6,67.89,66.16,66.22,251700
Unipar,UNIP6,2026-03-16,66.22,67.19,66.22,66.51,179200
Unipar,UNIP6,2026-03-17,66.51,67.12,66.4,66.83,151200
Unipar,UNIP6,2026-03-18,66.5,66.83,63.11,63.15,265000
Unipar,UNIP6,2026-03-19,63.1,64.06,61.84,63.6,305100
Unipar,UNIP6,2026-03-20,62.65,63.01,57.35,58.6,2155800
Unipar,UNIP6,2026-03-23,58.7,61.6,58.67,60.47,305700
Unipar,UNIP6,2026-03-24,60.44,60.45,57.04,57.55,609800
Unipar,UNIP6,2026-03-25,58.2,59.92,58.0,59.64,301800
Unipar,UNIP6,2026-03-26,59.6,60.32,58.03,58.3,602900
Unipar,UNIP6,2026-03-27,57.98,59.52,57.8,58.78,240900
Unipar,UNIP6,2026-03-30,60.14,60.9,58.85,59.86,250700
Unipar,UNIP6,2026-03-31,60.51,63.03,60.51,62.39,455300
Unipar,UNIP6,2026-04-01,62.39,63.72,61.82,61.82,287200
Unipar,UNIP6,2026-04-02,61.82,62.2,60.5,61.43,115300
Multiplan,MULT3,2025-10-02,28.29,28.34,27.65,27.72,3789800
Multiplan,MULT3,2025-10-03,27.64,27.91,27.47,27.86,5547400
Multiplan,MULT3,2025-10-06,27.86,27.97,27.18,27.35,3116200
Multiplan,MULT3,2025-10-07,27.16,27.16,26.62,26.98,4034200
Multiplan,MULT3,2025-10-08,27.03,27.08,26.7,26.97,2788800
Multiplan,MULT3,2025-10-09,26.96,27.19,26.67,26.81,4330100
Multiplan,MULT3,2025-10-10,26.9,26.99,26.12,26.55,5812800
Multiplan,MULT3,2025-10-13,26.63,26.97,26.39,26.6,3711500
Multiplan,MULT3,2025-10-14,26.53,26.57,26.34,26.49,1657500
Multiplan,MULT3,2025-10-15,25.98,26.77,25.88,26.77,4953500
Multiplan,MULT3,2025-10-16,26.47,26.84,26.37,26.55,3039600
Multiplan,MULT3,2025-10-17,26.37,26.7,26.27,26.7,2091600
Multiplan,MULT3,2025-10-20,26.74,27.11,26.6,26.93,2560000
Multiplan,MULT3,2025-10-21,26.98,27.11,26.84,26.91,1991700
Multiplan,MULT3,2025-10-22,26.9,27.07,26.6,26.98,2094000
Multiplan,MULT3,2025-10-23,27.28,27.43,26.79,27.07,2657100
Multiplan,MULT3,2025-10-24,27.14,27.49,27.04,27.12,2577000
Multiplan,MULT3,2025-10-27,27.5,27.7,27.12,27.34,2687800
Multiplan,MULT3,2025-10-28,27.29,27.36,27.04,27.08,2156100
Multiplan,MULT3,2025-10-29,27.24,27.44,27.14,27.21,2230600
Multiplan,MULT3,2025-10-30,27.15,27.43,26.89,27.29,1616900
Multiplan,MULT3,2025-10-31,26.43,27.2,26.14,26.93,9463700
Multiplan,MULT3,2025-11-03,27.12,27.33,26.9,27.2,4140700
Multiplan,MULT3,2025-11-04,27.26,27.3,26.97,27.21,2920000
Multiplan,MULT3,2025-11-05,27.21,28.24,27.09,28.08,5531700
Multiplan,MULT3,2025-11-06,28.18,28.22,27.84,27.86,3135300
Multiplan,MULT3,2025-11-07,27.84,28.08,27.59,28.08,2720400
Multiplan,MULT3,2025-11-10,28.3,28.47,28.0,28.47,5455200
Multiplan,MULT3,2025-11-11,28.6,29.02,28.44,28.77,4778500
Multiplan,MULT3,2025-11-12,28.77,28.87,28.5,28.66,3214400
Multiplan,MULT3,2025-11-13,28.76,29.32,28.56,28.85,7199500
Multiplan,MULT3,2025-11-14,28.93,29.39,28.83,29.14,3942500
Multiplan,MULT3,2025-11-17,29.16,29.22,28.76,28.98,2975700
Multiplan,MULT3,2025-11-18,28.77,29.29,28.61,29.22,2546000
Multiplan,MULT3,2025-11-19,29.22,29.28,28.95,29.04,2077800
Multiplan,MULT3,2025-11-21,29.04,29.04,28.51,28.6,3047000
Multiplan,MULT3,2025-11-24,28.56,28.88,28.49,28.75,3113500
Multiplan,MULT3,2025-11-25,28.89,29.09,28.54,28.92,2646200
Multiplan,MULT3,2025-11-26,29.02,29.39,28.89,29.25,1958500
Multiplan,MULT3,2025-11-27,29.19,29.45,29.16,29.32,893500
Multiplan,MULT3,2025-11-28,29.39,29.74,29.26,29.54,2239900
Multiplan,MULT3,2025-12-01,29.57,29.58,29.14,29.17,2792900
Multiplan,MULT3,2025-12-02,29.27,29.79,29.18,29.79,2107300
Multiplan,MULT3,2025-12-03,29.86,30.03,29.55,29.67,1646900
Multiplan,MULT3,2025-12-04,29.78,30.15,29.65,30.08,2873800
Multiplan,MULT3,2025-12-05,29.94,30.0,27.41,27.41,11276200
Multiplan,MULT3,2025-12-08,27.7,28.0,27.45,27.72,3201800
Multiplan,MULT3,2025-12-09,27.37,28.18,26.96,27.9,4441700
Multiplan,MULT3,2025-12-10,27.97,28.69,27.82,28.34,4535100
Multiplan,MULT3,2025-12-11,28.22,28.67,28.2,28.2,3330000
Multiplan,MULT3,2025-12-12,28.27,28.6,28.03,28.1,2980000
Multiplan,MULT3,2025-12-15,28.38,28.45,28.1,28.16,1842100
Multiplan,MULT3,2025-12-16,27.82,27.82,27.08,27.09,4624600
Multiplan,MULT3,2025-12-17,26.79,26.93,26.46,26.67,4648100
Multiplan,MULT3,2025-12-18,26.55,26.89,26.47,26.73,2969400
Multiplan,MULT3,2025-12-19,26.73,27.09,26.53,26.88,3273600
Multiplan,MULT3,2025-12-22,26.88,26.95,26.02,26.13,6350200
Multiplan,MULT3,2025-12-23,26.34,27.09,26.2,26.94,3801700
Multiplan,MULT3,2025-12-26,26.91,27.02,26.63,26.98,1652400
Multiplan,MULT3,2025-12-29,26.81,26.98,26.67,26.74,1635100
Multiplan,MULT3,2025-12-30,27.1,27.22,26.83,27.0,2771200
Multiplan,MULT3,2026-01-02,27.05,27.23,26.75,26.79,1762300
Multiplan,MULT3,2026-01-05,26.79,27.34,26.63,27.08,4214800
Multiplan,MULT3,2026-01-06,27.32,27.94,27.23,27.45,3807100
Multiplan,MULT3,2026-01-07,27.41,27.54,27.05,27.05,3086700
Multiplan,MULT3,2026-01-08,27.05,27.52,27.05,27.26,2076400
Multiplan,MULT3,2026-01-09,27.13,28.44,27.13,28.42,10477900
Multiplan,MULT3,2026-01-12,28.28,28.73,28.17,28.55,4355000
Multiplan,MULT3,2026-01-13,28.33,28.56,28.0,28.42,4629600
Multiplan,MULT3,2026-01-14,28.73,28.73,28.01,28.37,3428300
Multiplan,MULT3,2026-01-15,28.51,29.21,28.32,29.18,4720200
Multiplan,MULT3,2026-01-16,29.19,29.48,28.75,28.83,6456200
Multiplan,MULT3,2026-01-19,28.77,29.13,28.69,28.98,1514300
Multiplan,MULT3,2026-01-20,28.97,29.32,28.6,29.32,3341400
Multiplan,MULT3,2026-01-21,29.73,30.34,29.37,30.08,8235800
Multiplan,MULT3,2026-01-22,30.3,30.95,29.91,30.43,6200600
Multiplan,MULT3,2026-01-23,30.51,31.39,30.38,30.99,4232800
Multiplan,MULT3,2026-01-26,30.98,31.3,30.39,31.23,5682700
Multiplan,MULT3,2026-01-27,31.48,32.13,31.48,31.76,4854500
Multiplan,MULT3,2026-01-28,31.98,32.8,31.73,32.3,8568000
Multiplan,MULT3,2026-01-29,32.65,32.87,31.86,32.35,5179800
Multiplan,MULT3,2026-01-30,32.13,32.98,32.06,32.63,6156600
Multiplan,MULT3,2026-02-02,32.84,33.03,32.44,32.56,5053600
Multiplan,MULT3,2026-02-03,33.04,33.25,32.55,32.71,5192900
Multiplan,MULT3,2026-02-04,32.7,32.81,32.02,32.6,5127400
Multiplan,MULT3,2026-02-05,32.69,33.29,32.6,32.72,4032400
Multiplan,MULT3,2026-02-06,32.8,33.26,32.3,33.07,4917300
Multiplan,MULT3,2026-02-09,33.08,33.56,33.08,33.41,4058600
Multiplan,MULT3,2026-02-10,33.4,33.65,32.95,33.32,4521400
Multiplan,MULT3,2026-02-11,33.68,33.72,33.37,33.48,3409800
Multiplan,MULT3,2026-02-12,33.33,33.6,32.79,32.99,3307100
Multiplan,MULT3,2026-02-13,32.65,32.85,31.98,32.47,6272400
Multiplan,MULT3,2026-02-18,32.64,33.04,32.4,32.83,2476700
Multiplan,MULT3,2026-02-19,33.03,33.73,32.75,33.63,4268100
Multiplan,MULT3,2026-02-20,33.63,34.1,33.26,33.82,5571000
Multiplan,MULT3,2026-02-23,33.85,33.88,33.45,33.73,3079600
Multiplan,MULT3,2026-02-24,33.85,34.55,33.77,34.53,4638900
Multiplan,MULT3,2026-02-25,34.67,35.02,34.27,34.55,5583100
Multiplan,MULT3,2026-02-26,34.93,35.63,34.63,35.47,4425600
Multiplan,MULT3,2026-02-27,35.08,35.37,34.66,34.87,5524100
Multiplan,MULT3,2026-03-02,34.27,34.66,33.63,33.79,7252200
Multiplan,MULT3,2026-03-03,32.2,33.37,32.08,32.74,6761200
Multiplan,MULT3,2026-03-04,33.04,33.58,32.81,33.32,2464400
Multiplan,MULT3,2026-03-05,32.99,33.36,32.08,32.1,4244600
Multiplan,MULT3,2026-03-06,31.86,32.27,31.17,31.63,6573000
Multiplan,MULT3,2026-03-09,31.42,32.36,31.11,32.13,3649200
Multiplan,MULT3,2026-03-10,32.37,32.93,31.99,32.05,5132900
Multiplan,MULT3,2026-03-11,31.68,32.57,31.5,31.67,3756000
Multiplan,MULT3,2026-03-12,31.2,31.48,30.61,30.68,4173400
Multiplan,MULT3,2026-03-13,30.85,31.12,29.4,29.64,6119000
Multiplan,MULT3,2026-03-16,30.16,30.77,30.01,30.36,3320400
Multiplan,MULT3,2026-03-17,30.32,31.07,30.21,30.56,3334600
Multiplan,MULT3,2026-03-18,30.2,30.89,30.2,30.33,2618300
Multiplan,MULT3,2026-03-19,29.42,30.7,29.38,30.48,2176700
Multiplan,MULT3,2026-03-20,30.17,30.38,29.43,29.64,3467300
Multiplan,MULT3,2026-03-23,29.96,31.26,29.96,31.2,3973300
Multiplan,MULT3,2026-03-24,31.21,31.21,30.46,30.95,2799000
Multiplan,MULT3,2026-03-25,31.34,31.62,31.09,31.47,3168000
Multiplan,MULT3,2026-03-26,30.75,31.31,30.5,30.5,3027000
Multiplan,MULT3,2026-03-27,30.52,30.59,29.97,30.12,3456700
Multiplan,MULT3,2026-03-30,30.35,30.55,29.98,30.37,3648900
Multiplan,MULT3,2026-03-31,31.16,31.88,30.73,31.81,3991900
Multiplan,MULT3,2026-04-01,32.02,33.02,32.01,32.49,4652400
Multiplan,MULT3,2026-04-02,31.51,32.35,31.4,32.3,1007100
